#
# There is insufficient memory for the Java Runtime Environment to continue.
# Native memory allocation (malloc) failed to allocate 1200600 bytes. Error detail: Chunk::new
# Possible reasons:
#   The system is out of physical RAM or swap space
#   This process is running with CompressedOops enabled, and the Java Heap may be blocking the growth of the native heap
# Possible solutions:
#   Reduce memory load on the system
#   Increase physical memory or swap space
#   Check if swap backing store is full
#   Decrease Java heap size (-Xmx/-Xms)
#   Decrease number of Java threads
#   Decrease Java thread stack sizes (-Xss)
#   Set larger code cache with -XX:ReservedCodeCacheSize=
#   JVM is running with Unscaled Compressed Oops mode in which the Java heap is
#     placed in the first 4GB address space. The Java Heap base address is the
#     maximum limit for the native heap growth. Please use -XX:HeapBaseMinAddress
#     to set the Java Heap base and to place the Java Heap above 4GB virtual address.
# This output file may be truncated or incomplete.
#
#  Out of Memory Error (arena.cpp:186), pid=16840, tid=19144
#
# JRE version: OpenJDK Runtime Environment (25.0.2) (build 25.0.2+-15348964-b329.117)
# Java VM: OpenJDK 64-Bit Server VM (25.0.2+-15348964-b329.117, mixed mode, tiered, compressed oops, compressed class ptrs, g1 gc, windows-amd64)
# No core dump will be written. Minidumps are not enabled by default on client versions of Windows
#

---------------  S U M M A R Y ------------

Command Line: --add-opens=java.base/java.lang=ALL-UNNAMED --add-opens=java.base/java.lang.invoke=ALL-UNNAMED --add-opens=java.base/java.util=ALL-UNNAMED --add-opens=java.prefs/java.util.prefs=ALL-UNNAMED --add-exports=jdk.compiler/com.sun.tools.javac.api=ALL-UNNAMED --add-exports=jdk.compiler/com.sun.tools.javac.util=ALL-UNNAMED --add-opens=java.base/java.nio.charset=ALL-UNNAMED --add-opens=java.base/java.net=ALL-UNNAMED --add-opens=java.base/java.util.concurrent=ALL-UNNAMED --add-opens=java.base/java.util.concurrent.atomic=ALL-UNNAMED --add-opens=java.xml/javax.xml.namespace=ALL-UNNAMED --add-opens=java.base/java.time=ALL-UNNAMED --enable-native-access=ALL-UNNAMED -Xmx2048m -Dfile.encoding=UTF-8 -Duser.country=ID -Duser.language=en -Duser.variant -javaagent:C:\Users\Mega Global\.gradle\wrapper\dists\gradle-9.5.0-bin\bvnork1r7n8i6kp5cnkibsc9q\gradle-9.5.0\lib\agents\gradle-instrumentation-agent-9.5.0.jar org.gradle.launcher.daemon.bootstrap.GradleDaemon 9.5.0

Host: 11th Gen Intel(R) Core(TM) i7-1185G7 @ 3.00GHz, 8 cores, 15G,  Windows 11 , 64 bit Build 26100 (10.0.26100.9168)
Time: Thu Sep 10 00:10:35 2026 SE Asia Standard Time elapsed time: 4877.692329 seconds (0d 1h 21m 17s)

---------------  T H R E A D  ---------------

Current thread (0x000001ff5738d7d0):  JavaThread "C2 CompilerThread1" daemon [_thread_in_native, id=19144, stack(0x000000baa9a00000,0x000000baa9b00000) (1024K)]


Current CompileTask:
C2:4877692 25293       4       com.android.tools.r8.internal.h80::D (90 bytes)

Stack: [0x000000baa9a00000,0x000000baa9b00000]
Native frames: (J=compiled Java code, j=interpreted, Vv=VM code, C=native code)
V  [jvm.dll+0x7bd439]  (no source info available)
V  [jvm.dll+0x78763d]  (no source info available)
V  [jvm.dll+0xa0c885]  (no source info available)
V  [jvm.dll+0xa0ef04]  (no source info available)
V  [jvm.dll+0xa0f603]  (no source info available)
V  [jvm.dll+0x309bf6]  (no source info available)
V  [jvm.dll+0x10ea69]  (no source info available)
V  [jvm.dll+0x10ed92]  (no source info available)
V  [jvm.dll+0x1a9837]  (no source info available)
V  [jvm.dll+0x3bec92]  (no source info available)
V  [jvm.dll+0x7c2cb7]  (no source info available)
V  [jvm.dll+0x2ce046]  (no source info available)
V  [jvm.dll+0x2cd221]  (no source info available)
V  [jvm.dll+0x242ffa]  (no source info available)
V  [jvm.dll+0x2dcc05]  (no source info available)
V  [jvm.dll+0x2dae06]  (no source info available)
V  [jvm.dll+0x49b59e]  (no source info available)
V  [jvm.dll+0x9ab9c8]  (no source info available)
V  [jvm.dll+0x7bb985]  (no source info available)
C  [ucrtbase.dll+0x2cd30]  (no source info available)
C  [KERNEL32.DLL+0x2ccb7]  (no source info available)
C  [ntdll.dll+0xaad6c]  (no source info available)

Lock stack of current Java thread (top to bottom):


---------------  P R O C E S S  ---------------

Threads class SMR info:
_java_thread_list=0x000001ff561a6f10, length=79, elements={
0x000001ff1da705d0, 0x000001ff3565da00, 0x000001ff3567dc10, 0x000001ff3567c640,
0x000001ff3568a7b0, 0x000001ff3568af70, 0x000001ff3568bb30, 0x000001ff3568c6f0,
0x000001ff3568d5e0, 0x000001ff35698ee0, 0x000001ff35b17610, 0x000001ff3c528510,
0x000001ff3c4d4a80, 0x000001ff3bf34690, 0x000001ff3d07ba70, 0x000001ff3d07ca10,
0x000001ff3d07e180, 0x000001ff3b2b5360, 0x000001ff3dbf9eb0, 0x000001ff3dbf8f10,
0x000001ff3dbfb620, 0x000001ff3dbfa680, 0x000001ff3dbf96e0, 0x000001ff3dbfd560,
0x000001ff3dbfe500, 0x000001ff3dbff4a0, 0x000001ff3dc00440, 0x000001ff3e3c4790,
0x000001ff3b1514f0, 0x000001ff3b150550, 0x000001ff3e00d320, 0x000001ff3c975e30,
0x000001ff3da68fe0, 0x000001ff3da75330, 0x000001ff56a5ce20, 0x000001ff56a59770,
0x000001ff56a5b6b0, 0x000001ff3c6e5d90, 0x000001ff3c6e55c0, 0x000001ff3c6e6d30,
0x000001ff3c6e7cd0, 0x000001ff3c6e7500, 0x000001ff3c6e9440, 0x000001ff3e008500,
0x000001ff3e00daf0, 0x000001ff3e00cb50, 0x000001ff3e00b3e0, 0x000001ff3e3c4f60,
0x000001ff3e3c5f00, 0x000001ff3e3c5730, 0x000001ff3e3c7e40, 0x000001ff3b14d670,
0x000001ff3b14bf00, 0x000001ff3b2b7a70, 0x000001ff3b2b8240, 0x000001ff3c97cb90,
0x000001ff3ec110e0, 0x000001ff5693a610, 0x000001ff56937f00, 0x000001ff5693ec60,
0x000001ff5693f430, 0x000001ff5693fc00, 0x000001ff5693dcc0, 0x000001ff56941370,
0x000001ff56942310, 0x000001ff56944250, 0x000001ff569451f0, 0x000001ff56942ae0,
0x000001ff56947130, 0x000001ff56946960, 0x000001ff570cf0e0, 0x000001ff570cf8b0,
0x000001ff570d1fc0, 0x000001ff570d17f0, 0x000001ff570ce910, 0x000001ff570d2f60,
0x000001ff570d3730, 0x000001ff5738d7d0, 0x000001ff4d14fd90
}

Java Threads: ( => current thread )
  0x000001ff1da705d0 JavaThread "main"                              [_thread_blocked, id=9228, stack(0x000000baa4000000,0x000000baa4100000) (1024K)]
  0x000001ff3565da00 JavaThread "Common-Cleaner"             daemon [_thread_blocked, id=17500, stack(0x000000baa4800000,0x000000baa4900000) (1024K)]
  0x000001ff3567dc10 JavaThread "Reference Handler"          daemon [_thread_blocked, id=12008, stack(0x000000baa4900000,0x000000baa4a00000) (1024K)]
  0x000001ff3567c640 JavaThread "Finalizer"                  daemon [_thread_blocked, id=18168, stack(0x000000baa4a00000,0x000000baa4b00000) (1024K)]
  0x000001ff3568a7b0 JavaThread "Signal Dispatcher"          daemon [_thread_blocked, id=6708, stack(0x000000baa4b00000,0x000000baa4c00000) (1024K)]
  0x000001ff3568af70 JavaThread "Attach Listener"            daemon [_thread_blocked, id=13008, stack(0x000000baa4c00000,0x000000baa4d00000) (1024K)]
  0x000001ff3568bb30 JavaThread "Service Thread"             daemon [_thread_blocked, id=15996, stack(0x000000baa4d00000,0x000000baa4e00000) (1024K)]
  0x000001ff3568c6f0 JavaThread "Monitor Deflation Thread"   daemon [_thread_blocked, id=3344, stack(0x000000baa4e00000,0x000000baa4f00000) (1024K)]
  0x000001ff3568d5e0 JavaThread "C2 CompilerThread0"         daemon [_thread_blocked, id=12264, stack(0x000000baa4f00000,0x000000baa5000000) (1024K)]
  0x000001ff35698ee0 JavaThread "C1 CompilerThread0"         daemon [_thread_blocked, id=15104, stack(0x000000baa5000000,0x000000baa5100000) (1024K)]
  0x000001ff35b17610 JavaThread "Notification Thread"        daemon [_thread_blocked, id=17812, stack(0x000000baa5100000,0x000000baa5200000) (1024K)]
  0x000001ff3c528510 JavaThread "Daemon health stats"               [_thread_blocked, id=19416, stack(0x000000baa5200000,0x000000baa5300000) (1024K)]
  0x000001ff3c4d4a80 JavaThread "Incoming local TCP Connector on port 51615"        [_thread_in_native, id=11304, stack(0x000000baa5900000,0x000000baa5a00000) (1024K)]
  0x000001ff3bf34690 JavaThread "Daemon periodic checks"            [_thread_blocked, id=13032, stack(0x000000baa5a00000,0x000000baa5b00000) (1024K)]
  0x000001ff3d07ba70 JavaThread "Cache worker for journal cache (C:\Users\Mega Global\.gradle\caches\journal-1)"        [_thread_blocked, id=9524, stack(0x000000baa6500000,0x000000baa6600000) (1024K)]
  0x000001ff3d07ca10 JavaThread "File lock request listener"        [_thread_in_native, id=16988, stack(0x000000baa6600000,0x000000baa6700000) (1024K)]
  0x000001ff3d07e180 JavaThread "Cache worker for file hash cache (C:\Users\Mega Global\.gradle\caches\9.5.0\fileHashes)"        [_thread_blocked, id=3080, stack(0x000000baa6700000,0x000000baa6800000) (1024K)]
  0x000001ff3b2b5360 JavaThread "File watcher server"        daemon [_thread_in_native, id=7456, stack(0x000000baa6c00000,0x000000baa6d00000) (1024K)]
  0x000001ff3dbf9eb0 JavaThread "File watcher consumer"      daemon [_thread_blocked, id=18784, stack(0x000000baa6d00000,0x000000baa6e00000) (1024K)]
  0x000001ff3dbf8f10 JavaThread "jar transforms"                    [_thread_blocked, id=15660, stack(0x000000baa6e00000,0x000000baa6f00000) (1024K)]
  0x000001ff3dbfb620 JavaThread "jar transforms Thread 2"           [_thread_blocked, id=11672, stack(0x000000baa6f00000,0x000000baa7000000) (1024K)]
  0x000001ff3dbfa680 JavaThread "jar transforms Thread 3"           [_thread_blocked, id=6596, stack(0x000000baa7000000,0x000000baa7100000) (1024K)]
  0x000001ff3dbf96e0 JavaThread "jar transforms Thread 4"           [_thread_blocked, id=17532, stack(0x000000baa7100000,0x000000baa7200000) (1024K)]
  0x000001ff3dbfd560 JavaThread "jar transforms Thread 5"           [_thread_blocked, id=18536, stack(0x000000baa7200000,0x000000baa7300000) (1024K)]
  0x000001ff3dbfe500 JavaThread "jar transforms Thread 6"           [_thread_blocked, id=11664, stack(0x000000baa7300000,0x000000baa7400000) (1024K)]
  0x000001ff3dbff4a0 JavaThread "jar transforms Thread 7"           [_thread_blocked, id=15048, stack(0x000000baa7400000,0x000000baa7500000) (1024K)]
  0x000001ff3dc00440 JavaThread "jar transforms Thread 8"           [_thread_blocked, id=7796, stack(0x000000baa7500000,0x000000baa7600000) (1024K)]
  0x000001ff3e3c4790 JavaThread "Cache worker for file content cache (C:\Users\Mega Global\.gradle\caches\9.5.0\fileContent)"        [_thread_blocked, id=4028, stack(0x000000baa7600000,0x000000baa7700000) (1024K)]
  0x000001ff3b1514f0 JavaThread "DefaultDispatcher-worker-1" daemon [_thread_blocked, id=9016, stack(0x000000baa7b00000,0x000000baa7c00000) (1024K)]
  0x000001ff3b150550 JavaThread "DefaultDispatcher-worker-2" daemon [_thread_blocked, id=15192, stack(0x000000baa8000000,0x000000baa8100000) (1024K)]
  0x000001ff3e00d320 JavaThread "DefaultDispatcher-worker-3" daemon [_thread_blocked, id=16124, stack(0x000000baa8100000,0x000000baa8200000) (1024K)]
  0x000001ff3c975e30 JavaThread "DefaultDispatcher-worker-4" daemon [_thread_blocked, id=13992, stack(0x000000baa8200000,0x000000baa8300000) (1024K)]
  0x000001ff3da68fe0 JavaThread "Memory manager"                    [_thread_blocked, id=13456, stack(0x000000baa8300000,0x000000baa8400000) (1024K)]
  0x000001ff3da75330 JavaThread "pool-3-thread-1"                   [_thread_blocked, id=9196, stack(0x000000baa3f00000,0x000000baa4000000) (1024K)]
  0x000001ff56a5ce20 JavaThread "Daemon Thread 2"                   [_thread_blocked, id=19204, stack(0x000000baa3d00000,0x000000baa3e00000) (1024K)]
  0x000001ff56a59770 JavaThread "Handler for socket connection from /127.0.0.1:51615 to /127.0.0.1:51716"        [_thread_in_native, id=11404, stack(0x000000baa3e00000,0x000000baa3f00000) (1024K)]
  0x000001ff56a5b6b0 JavaThread "Cancel handler"                    [_thread_blocked, id=6444, stack(0x000000baa5800000,0x000000baa5900000) (1024K)]
  0x000001ff3c6e5d90 JavaThread "Daemon worker Thread 2"            [_thread_blocked, id=9240, stack(0x000000baa5e00000,0x000000baa5f00000) (1024K)]
  0x000001ff3c6e55c0 JavaThread "Asynchronous log dispatcher for DefaultDaemonConnection: socket connection from /127.0.0.1:51615 to /127.0.0.1:51716"        [_thread_blocked, id=15732, stack(0x000000baa5f00000,0x000000baa6000000) (1024K)]
  0x000001ff3c6e6d30 JavaThread "Stdin handler"                     [_thread_blocked, id=18720, stack(0x000000baa6000000,0x000000baa6100000) (1024K)]
  0x000001ff3c6e7cd0 JavaThread "Daemon client event forwarder"        [_thread_blocked, id=7156, stack(0x000000baa6100000,0x000000baa6200000) (1024K)]
  0x000001ff3c6e7500 JavaThread "Cache worker for file hash cache (D:\College\Semester 3\MyProfileApp\.gradle\9.5.0\fileHashes)"        [_thread_blocked, id=14712, stack(0x000000baa6200000,0x000000baa6300000) (1024K)]
  0x000001ff3c6e9440 JavaThread "Cache worker for checksums cache (D:\College\Semester 3\MyProfileApp\.gradle\9.5.0\checksums)"        [_thread_blocked, id=18044, stack(0x000000baa6300000,0x000000baa6400000) (1024K)]
  0x000001ff3e008500 JavaThread "Cache worker for Build Output Cleanup Cache (D:\College\Semester 3\MyProfileApp\.gradle\buildOutputCleanup)"        [_thread_blocked, id=12620, stack(0x000000baa6400000,0x000000baa6500000) (1024K)]
  0x000001ff3e00daf0 JavaThread "Cache worker for cache directory md-supplier (C:\Users\Mega Global\.gradle\caches\9.5.0\md-supplier)"        [_thread_blocked, id=13408, stack(0x000000baa6900000,0x000000baa6a00000) (1024K)]
  0x000001ff3e00cb50 JavaThread "Cache worker for cache directory md-rule (C:\Users\Mega Global\.gradle\caches\9.5.0\md-rule)"        [_thread_blocked, id=18476, stack(0x000000baa6a00000,0x000000baa6b00000) (1024K)]
  0x000001ff3e00b3e0 JavaThread "Build operations"                  [_thread_blocked, id=14404, stack(0x000000baa6800000,0x000000baa6900000) (1024K)]
  0x000001ff3e3c4f60 JavaThread "Build operations Thread 2"         [_thread_blocked, id=9640, stack(0x000000baa6b00000,0x000000baa6c00000) (1024K)]
  0x000001ff3e3c5f00 JavaThread "Build operations Thread 3"         [_thread_blocked, id=18520, stack(0x000000baa7700000,0x000000baa7800000) (1024K)]
  0x000001ff3e3c5730 JavaThread "Build operations Thread 4"         [_thread_blocked, id=8688, stack(0x000000baa7800000,0x000000baa7900000) (1024K)]
  0x000001ff3e3c7e40 JavaThread "Build operations Thread 5"         [_thread_blocked, id=684, stack(0x000000baa7900000,0x000000baa7a00000) (1024K)]
  0x000001ff3b14d670 JavaThread "Build operations Thread 6"         [_thread_blocked, id=12204, stack(0x000000baa7a00000,0x000000baa7b00000) (1024K)]
  0x000001ff3b14bf00 JavaThread "Build operations Thread 7"         [_thread_blocked, id=16620, stack(0x000000baa7c00000,0x000000baa7d00000) (1024K)]
  0x000001ff3b2b7a70 JavaThread "Build operations Thread 8"         [_thread_blocked, id=6360, stack(0x000000baa7e00000,0x000000baa7f00000) (1024K)]
  0x000001ff3b2b8240 JavaThread "Configuration cache report writer"        [_thread_blocked, id=11484, stack(0x000000baa7d00000,0x000000baa7e00000) (1024K)]
  0x000001ff3c97cb90 JavaThread "build event listener"              [_thread_blocked, id=5036, stack(0x000000baa8400000,0x000000baa8500000) (1024K)]
  0x000001ff3ec110e0 JavaThread "build event listener"              [_thread_blocked, id=6688, stack(0x000000baa8500000,0x000000baa8600000) (1024K)]
  0x000001ff5693a610 JavaThread "pool-6-thread-1"                   [_thread_blocked, id=10068, stack(0x000000baa8700000,0x000000baa8800000) (1024K)]
  0x000001ff56937f00 JavaThread "build event listener"              [_thread_blocked, id=5664, stack(0x000000baa8800000,0x000000baa8900000) (1024K)]
  0x000001ff5693ec60 JavaThread "included builds"                   [_thread_blocked, id=10960, stack(0x000000baa8600000,0x000000baa8700000) (1024K)]
  0x000001ff5693f430 JavaThread "Execution worker"                  [_thread_blocked, id=2444, stack(0x000000baa8900000,0x000000baa8a00000) (1024K)]
  0x000001ff5693fc00 JavaThread "Execution worker Thread 2"         [_thread_blocked, id=1612, stack(0x000000baa8a00000,0x000000baa8b00000) (1024K)]
  0x000001ff5693dcc0 JavaThread "Execution worker Thread 3"         [_thread_blocked, id=9180, stack(0x000000baa8b00000,0x000000baa8c00000) (1024K)]
  0x000001ff56941370 JavaThread "Execution worker Thread 4"         [_thread_blocked, id=2328, stack(0x000000baa8c00000,0x000000baa8d00000) (1024K)]
  0x000001ff56942310 JavaThread "Execution worker Thread 5"         [_thread_in_native, id=13388, stack(0x000000baa8d00000,0x000000baa8e00000) (1024K)]
  0x000001ff56944250 JavaThread "Execution worker Thread 6"         [_thread_blocked, id=2300, stack(0x000000baa8e00000,0x000000baa8f00000) (1024K)]
  0x000001ff569451f0 JavaThread "Execution worker Thread 7"         [_thread_blocked, id=19208, stack(0x000000baa8f00000,0x000000baa9000000) (1024K)]
  0x000001ff56942ae0 JavaThread "Cache worker for execution history cache (D:\College\Semester 3\MyProfileApp\.gradle\9.5.0\executionHistory)"        [_thread_blocked, id=14432, stack(0x000000baa9000000,0x000000baa9100000) (1024K)]
  0x000001ff56947130 JavaThread "WorkerExecutor Queue"              [_thread_blocked, id=18724, stack(0x000000baa9200000,0x000000baa9300000) (1024K)]
  0x000001ff56946960 JavaThread "ForkJoinPool-1-worker-1"    daemon [_thread_blocked, id=12128, stack(0x000000baa9100000,0x000000baa9200000) (1024K)]
  0x000001ff570cf0e0 JavaThread "ForkJoinPool-1-worker-2"    daemon [_thread_blocked, id=15232, stack(0x000000baa9300000,0x000000baa9400000) (1024K)]
  0x000001ff570cf8b0 JavaThread "ForkJoinPool-1-worker-3"    daemon [_thread_blocked, id=6084, stack(0x000000baa9400000,0x000000baa9500000) (1024K)]
  0x000001ff570d1fc0 JavaThread "ForkJoinPool-1-worker-4"    daemon [_thread_blocked, id=9480, stack(0x000000baa9500000,0x000000baa9600000) (1024K)]
  0x000001ff570d17f0 JavaThread "ForkJoinPool-1-worker-5"    daemon [_thread_blocked, id=2464, stack(0x000000baa9600000,0x000000baa9700000) (1024K)]
  0x000001ff570ce910 JavaThread "ForkJoinPool-1-worker-6"    daemon [_thread_blocked, id=15340, stack(0x000000baa9700000,0x000000baa9800000) (1024K)]
  0x000001ff570d2f60 JavaThread "ForkJoinPool-1-worker-7"    daemon [_thread_blocked, id=11052, stack(0x000000baa9800000,0x000000baa9900000) (1024K)]
  0x000001ff570d3730 JavaThread "ForkJoinPool-1-worker-8"    daemon [_thread_blocked, id=11000, stack(0x000000baa9900000,0x000000baa9a00000) (1024K)]
=>0x000001ff5738d7d0 JavaThread "C2 CompilerThread1"         daemon [_thread_in_native, id=19144, stack(0x000000baa9a00000,0x000000baa9b00000) (1024K)]
  0x000001ff4d14fd90 JavaThread "C2 CompilerThread2"         daemon [_thread_blocked, id=7644, stack(0x000000baa9b00000,0x000000baa9c00000) (1024K)]
Total: 79

Other Threads:
  0x000001ff35636620 VMThread "VM Thread"                           [id=7352, stack(0x000000baa4700000,0x000000baa4800000) (1024K)]
  0x000001ff355f6d80 WatcherThread "VM Periodic Task Thread"        [id=18316, stack(0x000000baa4600000,0x000000baa4700000) (1024K)]
  0x000001ff1dac7eb0 WorkerThread "GC Thread#0"                     [id=8896, stack(0x000000baa4100000,0x000000baa4200000) (1024K)]
  0x000001ff3b0b35c0 WorkerThread "GC Thread#1"                     [id=716, stack(0x000000baa5300000,0x000000baa5400000) (1024K)]
  0x000001ff3b0b39f0 WorkerThread "GC Thread#2"                     [id=4100, stack(0x000000baa5400000,0x000000baa5500000) (1024K)]
  0x000001ff3b075200 WorkerThread "GC Thread#3"                     [id=11268, stack(0x000000baa5500000,0x000000baa5600000) (1024K)]
  0x000001ff3b075630 WorkerThread "GC Thread#4"                     [id=9808, stack(0x000000baa5600000,0x000000baa5700000) (1024K)]
  0x000001ff3ae00cf0 WorkerThread "GC Thread#5"                     [id=11344, stack(0x000000baa5700000,0x000000baa5800000) (1024K)]
  0x000001ff3c1da530 WorkerThread "GC Thread#6"                     [id=16868, stack(0x000000baa5b00000,0x000000baa5c00000) (1024K)]
  0x000001ff3c1d7170 WorkerThread "GC Thread#7"                     [id=8116, stack(0x000000baa5c00000,0x000000baa5d00000) (1024K)]
  0x000001ff1dae2670 ConcurrentGCThread "G1 Main Marker"            [id=18580, stack(0x000000baa4200000,0x000000baa4300000) (1024K)]
  0x000001ff1dae4220 WorkerThread "G1 Conc#0"                       [id=5172, stack(0x000000baa4300000,0x000000baa4400000) (1024K)]
  0x000001ff3c1d75c0 WorkerThread "G1 Conc#1"                       [id=13716, stack(0x000000baa5d00000,0x000000baa5e00000) (1024K)]
  0x000001ff1db2e540 ConcurrentGCThread "G1 Refine#0"               [id=3456, stack(0x000000baa4400000,0x000000baa4500000) (1024K)]
  0x000001ff354ca3c0 ConcurrentGCThread "G1 Service"                [id=10460, stack(0x000000baa4500000,0x000000baa4600000) (1024K)]
Total: 15

Threads with active compile tasks:
C2 CompilerThread0  4877821 25297       4       com.android.tools.r8.internal.dv::b (64 bytes)
C1 CompilerThread0  4877822 25377       3       com.android.tools.r8.graph.r9::a (147 bytes)
C2 CompilerThread1  4877822 25293       4       com.android.tools.r8.internal.h80::D (90 bytes)
C2 CompilerThread2  4877822 25320       4       java.lang.StringBuilder::<init> (6 bytes)
Total: 4

VM state: at safepoint (normal execution)

VM Mutex/Monitor currently owned by a thread:  ([mutex/lock_event])
[0x00007fffcd3e1e18] FreeList_lock - owner thread: 0x000001ff3b0b39f0
[0x00007fffcd3e4698] Threads_lock - owner thread: 0x000001ff35636620
[0x00007fffcd3e4818] Heap_lock - owner thread: 0x000001ff570ce910

Heap address: 0x0000000080000000, size: 2048 MB, Compressed Oops mode: 32-bit

CDS archive(s) not mapped
Compressed class space mapped at: 0x000000000e000000-0x000000004e000000, reserved size: 1073741824
UseCompressedClassPointers 1, UseCompactObjectHeaders 0
Narrow klass pointer bits 32, Max shift 3
Narrow klass base: 0x0000000000000000, Narrow klass shift: 0
Encoding Range: [0x0000000000000000 - 0x0000000100000000), (4294967296 bytes)
Klass Range:    [0x000000000e000000 - 0x000000004e000000), (1073741824 bytes)
Klass ID Range:  [234881024 - 1308622841) (1073741817)
No protection zone.

GC Precious Log:
 CardTable entry size: 512
 Card Set container configuration: InlinePtr #cards 5 size 8 Array Of Cards #cards 10 size 36 Howl #buckets 4 coarsen threshold 1843 Howl Bitmap #cards 512 size 80 coarsen threshold 460 Card regions per heap region 1 cards per card region 2048
 CPUs: 8 total, 8 available
 Memory: 16087M
 Large Page Support: Disabled
 NUMA Support: Disabled
 Compressed Oops: Enabled (32-bit)
 Heap Region Size: 1M
 Heap Min Capacity: 8M
 Heap Initial Capacity: 252M
 Heap Max Capacity: 2G
 Pre-touch: Disabled
 Parallel Workers: 8
 Concurrent Workers: 2
 Concurrent Refinement Workers: 8
 Periodic GC: Disabled

Heap:
 garbage-first heap   total reserved 2097152K, committed 363520K, used 332404K [0x0000000080000000, 0x0000000100000000)
  region size 1024K, 124 young (126976K), 15 survivors (15360K)

Heap Regions: E=young(eden), S=young(survivor), O=old, HS=humongous(starts), HC=humongous(continues), CS=collection set, F=free, TAMS=top-at-mark-start, PB=parsable bottom
|   0|0x0000000080000000, 0x0000000080100000, 0x0000000080100000|100%|HS|  |TAMS 0x0000000080000000| PB 0x0000000080000000| Complete |  0
|   1|0x0000000080100000, 0x0000000080200000, 0x0000000080200000|100%|HC|  |TAMS 0x0000000080100000| PB 0x0000000080100000| Complete |  0
|   2|0x0000000080200000, 0x0000000080300000, 0x0000000080300000|100%|HC|  |TAMS 0x0000000080200000| PB 0x0000000080200000| Complete |  0
|   3|0x0000000080300000, 0x0000000080400000, 0x0000000080400000|100%|HC|  |TAMS 0x0000000080300000| PB 0x0000000080300000| Complete |  0
|   4|0x0000000080400000, 0x0000000080500000, 0x0000000080500000|100%| O|  |TAMS 0x0000000080400000| PB 0x0000000080400000| Untracked |  0
|   5|0x0000000080500000, 0x0000000080600000, 0x0000000080600000|100%| O|  |TAMS 0x0000000080500000| PB 0x0000000080500000| Untracked |  0
|   6|0x0000000080600000, 0x0000000080700000, 0x0000000080700000|100%| O|  |TAMS 0x0000000080600000| PB 0x0000000080600000| Untracked |  0
|   7|0x0000000080700000, 0x0000000080800000, 0x0000000080800000|100%|HS|  |TAMS 0x0000000080700000| PB 0x0000000080700000| Complete |  0
|   8|0x0000000080800000, 0x0000000080900000, 0x0000000080900000|100%| O|  |TAMS 0x0000000080800000| PB 0x0000000080800000| Untracked |  0
|   9|0x0000000080900000, 0x0000000080a00000, 0x0000000080a00000|100%| O|  |TAMS 0x0000000080900000| PB 0x0000000080900000| Untracked |  0
|  10|0x0000000080a00000, 0x0000000080b00000, 0x0000000080b00000|100%| O|  |TAMS 0x0000000080a00000| PB 0x0000000080a00000| Untracked |  0
|  11|0x0000000080b00000, 0x0000000080c00000, 0x0000000080c00000|100%| O|  |TAMS 0x0000000080b00000| PB 0x0000000080b00000| Untracked |  0
|  12|0x0000000080c00000, 0x0000000080d00000, 0x0000000080d00000|100%| O|  |TAMS 0x0000000080c00000| PB 0x0000000080c00000| Untracked |  0
|  13|0x0000000080d00000, 0x0000000080e00000, 0x0000000080e00000|100%| O|  |TAMS 0x0000000080d00000| PB 0x0000000080d00000| Untracked |  0
|  14|0x0000000080e00000, 0x0000000080f00000, 0x0000000080f00000|100%| O|  |TAMS 0x0000000080e00000| PB 0x0000000080e00000| Untracked |  0
|  15|0x0000000080f00000, 0x0000000081000000, 0x0000000081000000|100%| O|  |TAMS 0x0000000080f00000| PB 0x0000000080f00000| Untracked |  0
|  16|0x0000000081000000, 0x0000000081100000, 0x0000000081100000|100%| O|  |TAMS 0x0000000081000000| PB 0x0000000081000000| Untracked |  0
|  17|0x0000000081100000, 0x0000000081200000, 0x0000000081200000|100%| O|  |TAMS 0x0000000081100000| PB 0x0000000081100000| Untracked |  0
|  18|0x0000000081200000, 0x0000000081300000, 0x0000000081300000|100%| O|  |TAMS 0x0000000081200000| PB 0x0000000081200000| Untracked |  0
|  19|0x0000000081300000, 0x0000000081400000, 0x0000000081400000|100%| O|  |TAMS 0x0000000081300000| PB 0x0000000081300000| Untracked |  0
|  20|0x0000000081400000, 0x0000000081500000, 0x0000000081500000|100%| O|  |TAMS 0x0000000081400000| PB 0x0000000081400000| Untracked |  0
|  21|0x0000000081500000, 0x0000000081600000, 0x0000000081600000|100%| O|  |TAMS 0x0000000081500000| PB 0x0000000081500000| Untracked |  0
|  22|0x0000000081600000, 0x0000000081700000, 0x0000000081700000|100%| O|  |TAMS 0x0000000081600000| PB 0x0000000081600000| Untracked |  0
|  23|0x0000000081700000, 0x0000000081800000, 0x0000000081800000|100%| O|  |TAMS 0x0000000081700000| PB 0x0000000081700000| Untracked |  0
|  24|0x0000000081800000, 0x0000000081900000, 0x0000000081900000|100%|HS|  |TAMS 0x0000000081800000| PB 0x0000000081800000| Complete |  0
|  25|0x0000000081900000, 0x0000000081a00000, 0x0000000081a00000|100%|HC|  |TAMS 0x0000000081900000| PB 0x0000000081900000| Complete |  0
|  26|0x0000000081a00000, 0x0000000081b00000, 0x0000000081b00000|100%|HC|  |TAMS 0x0000000081a00000| PB 0x0000000081a00000| Complete |  0
|  27|0x0000000081b00000, 0x0000000081c00000, 0x0000000081c00000|100%|HC|  |TAMS 0x0000000081b00000| PB 0x0000000081b00000| Complete |  0
|  28|0x0000000081c00000, 0x0000000081d00000, 0x0000000081d00000|100%|HC|  |TAMS 0x0000000081c00000| PB 0x0000000081c00000| Complete |  0
|  29|0x0000000081d00000, 0x0000000081e00000, 0x0000000081e00000|100%|HC|  |TAMS 0x0000000081d00000| PB 0x0000000081d00000| Complete |  0
|  30|0x0000000081e00000, 0x0000000081f00000, 0x0000000081f00000|100%|HS|  |TAMS 0x0000000081e00000| PB 0x0000000081e00000| Complete |  0
|  31|0x0000000081f00000, 0x0000000082000000, 0x0000000082000000|100%|HS|  |TAMS 0x0000000081f00000| PB 0x0000000081f00000| Complete |  0
|  32|0x0000000082000000, 0x0000000082100000, 0x0000000082100000|100%| O|  |TAMS 0x0000000082000000| PB 0x0000000082000000| Untracked |  0
|  33|0x0000000082100000, 0x0000000082200000, 0x0000000082200000|100%| O|  |TAMS 0x0000000082100000| PB 0x0000000082100000| Untracked |  0
|  34|0x0000000082200000, 0x0000000082300000, 0x0000000082300000|100%| O|  |TAMS 0x0000000082200000| PB 0x0000000082200000| Untracked |  0
|  35|0x0000000082300000, 0x0000000082400000, 0x0000000082400000|100%| O|  |TAMS 0x0000000082300000| PB 0x0000000082300000| Untracked |  0
|  36|0x0000000082400000, 0x0000000082500000, 0x0000000082500000|100%| O|  |TAMS 0x0000000082400000| PB 0x0000000082400000| Untracked |  0
|  37|0x0000000082500000, 0x0000000082600000, 0x0000000082600000|100%| O|  |TAMS 0x0000000082500000| PB 0x0000000082500000| Untracked |  0
|  38|0x0000000082600000, 0x0000000082700000, 0x0000000082700000|100%| O|  |TAMS 0x0000000082600000| PB 0x0000000082600000| Untracked |  0
|  39|0x0000000082700000, 0x0000000082800000, 0x0000000082800000|100%| O|  |TAMS 0x0000000082700000| PB 0x0000000082700000| Untracked |  0
|  40|0x0000000082800000, 0x0000000082900000, 0x0000000082900000|100%| O|  |TAMS 0x0000000082800000| PB 0x0000000082800000| Untracked |  0
|  41|0x0000000082900000, 0x0000000082a00000, 0x0000000082a00000|100%|HS|  |TAMS 0x0000000082900000| PB 0x0000000082900000| Complete |  0
|  42|0x0000000082a00000, 0x0000000082b00000, 0x0000000082b00000|100%|HC|  |TAMS 0x0000000082a00000| PB 0x0000000082a00000| Complete |  0
|  43|0x0000000082b00000, 0x0000000082c00000, 0x0000000082c00000|100%|HC|  |TAMS 0x0000000082b00000| PB 0x0000000082b00000| Complete |  0
|  44|0x0000000082c00000, 0x0000000082d00000, 0x0000000082d00000|100%|HC|  |TAMS 0x0000000082c00000| PB 0x0000000082c00000| Complete |  0
|  45|0x0000000082d00000, 0x0000000082e00000, 0x0000000082e00000|100%|HC|  |TAMS 0x0000000082d00000| PB 0x0000000082d00000| Complete |  0
|  46|0x0000000082e00000, 0x0000000082f00000, 0x0000000082f00000|100%|HC|  |TAMS 0x0000000082e00000| PB 0x0000000082e00000| Complete |  0
|  47|0x0000000082f00000, 0x0000000083000000, 0x0000000083000000|100%|HS|  |TAMS 0x0000000082f00000| PB 0x0000000082f00000| Complete |  0
|  48|0x0000000083000000, 0x0000000083100000, 0x0000000083100000|100%|HS|  |TAMS 0x0000000083000000| PB 0x0000000083000000| Complete |  0
|  49|0x0000000083100000, 0x0000000083200000, 0x0000000083200000|100%| O|  |TAMS 0x0000000083100000| PB 0x0000000083100000| Untracked |  0
|  50|0x0000000083200000, 0x0000000083300000, 0x0000000083300000|100%| O|  |TAMS 0x0000000083200000| PB 0x0000000083200000| Untracked |  0
|  51|0x0000000083300000, 0x0000000083400000, 0x0000000083400000|100%| O|  |TAMS 0x0000000083300000| PB 0x0000000083300000| Untracked |  0
|  52|0x0000000083400000, 0x0000000083500000, 0x0000000083500000|100%| O|  |TAMS 0x0000000083400000| PB 0x0000000083400000| Untracked |  0
|  53|0x0000000083500000, 0x0000000083600000, 0x0000000083600000|100%| O|CS|TAMS 0x0000000083500000| PB 0x0000000083500000| Complete |  0
|  54|0x0000000083600000, 0x0000000083700000, 0x0000000083700000|100%| O|  |TAMS 0x0000000083600000| PB 0x0000000083600000| Untracked |  0
|  55|0x0000000083700000, 0x0000000083800000, 0x0000000083800000|100%| O|  |TAMS 0x0000000083700000| PB 0x0000000083700000| Untracked |  0
|  56|0x0000000083800000, 0x0000000083900000, 0x0000000083900000|100%| O|  |TAMS 0x0000000083800000| PB 0x0000000083800000| Untracked |  0
|  57|0x0000000083900000, 0x0000000083a00000, 0x0000000083a00000|100%| O|  |TAMS 0x0000000083900000| PB 0x0000000083900000| Untracked |  0
|  58|0x0000000083a00000, 0x0000000083b00000, 0x0000000083b00000|100%| O|  |TAMS 0x0000000083a00000| PB 0x0000000083a00000| Untracked |  0
|  59|0x0000000083b00000, 0x0000000083c00000, 0x0000000083c00000|100%| O|  |TAMS 0x0000000083b00000| PB 0x0000000083b00000| Untracked |  0
|  60|0x0000000083c00000, 0x0000000083d00000, 0x0000000083d00000|100%| O|CS|TAMS 0x0000000083c00000| PB 0x0000000083c00000| Complete |  0
|  61|0x0000000083d00000, 0x0000000083e00000, 0x0000000083e00000|100%| O|  |TAMS 0x0000000083d00000| PB 0x0000000083d00000| Untracked |  0
|  62|0x0000000083e00000, 0x0000000083f00000, 0x0000000083f00000|100%| O|  |TAMS 0x0000000083e00000| PB 0x0000000083e00000| Untracked |  0
|  63|0x0000000083f00000, 0x0000000084000000, 0x0000000084000000|100%| O|  |TAMS 0x0000000083f00000| PB 0x0000000083f00000| Untracked |  0
|  64|0x0000000084000000, 0x0000000084100000, 0x0000000084100000|100%| O|CS|TAMS 0x0000000084000000| PB 0x0000000084000000| Complete |  0
|  65|0x0000000084100000, 0x0000000084200000, 0x0000000084200000|100%| O|  |TAMS 0x0000000084100000| PB 0x0000000084100000| Untracked |  0
|  66|0x0000000084200000, 0x0000000084300000, 0x0000000084300000|100%| O|CS|TAMS 0x0000000084200000| PB 0x0000000084200000| Complete |  0
|  67|0x0000000084300000, 0x0000000084400000, 0x0000000084400000|100%| O|  |TAMS 0x0000000084300000| PB 0x0000000084300000| Untracked |  0
|  68|0x0000000084400000, 0x0000000084500000, 0x0000000084500000|100%| O|  |TAMS 0x0000000084400000| PB 0x0000000084400000| Untracked |  0
|  69|0x0000000084500000, 0x0000000084600000, 0x0000000084600000|100%| O|  |TAMS 0x0000000084500000| PB 0x0000000084500000| Untracked |  0
|  70|0x0000000084600000, 0x0000000084700000, 0x0000000084700000|100%| O|CS|TAMS 0x0000000084600000| PB 0x0000000084600000| Complete |  0
|  71|0x0000000084700000, 0x0000000084800000, 0x0000000084800000|100%| O|CS|TAMS 0x0000000084700000| PB 0x0000000084700000| Complete |  0
|  72|0x0000000084800000, 0x0000000084900000, 0x0000000084900000|100%| O|  |TAMS 0x0000000084800000| PB 0x0000000084800000| Untracked |  0
|  73|0x0000000084900000, 0x0000000084a00000, 0x0000000084a00000|100%| O|CS|TAMS 0x0000000084900000| PB 0x0000000084900000| Complete |  0
|  74|0x0000000084a00000, 0x0000000084b00000, 0x0000000084b00000|100%| O|CS|TAMS 0x0000000084a00000| PB 0x0000000084a00000| Complete |  0
|  75|0x0000000084b00000, 0x0000000084c00000, 0x0000000084c00000|100%| O|  |TAMS 0x0000000084b00000| PB 0x0000000084b00000| Untracked |  0
|  76|0x0000000084c00000, 0x0000000084d00000, 0x0000000084d00000|100%| O|CS|TAMS 0x0000000084c00000| PB 0x0000000084c00000| Complete |  0
|  77|0x0000000084d00000, 0x0000000084e00000, 0x0000000084e00000|100%| O|  |TAMS 0x0000000084d00000| PB 0x0000000084d00000| Untracked |  0
|  78|0x0000000084e00000, 0x0000000084f00000, 0x0000000084f00000|100%| O|  |TAMS 0x0000000084e00000| PB 0x0000000084e00000| Untracked |  0
|  79|0x0000000084f00000, 0x0000000085000000, 0x0000000085000000|100%| O|  |TAMS 0x0000000084f00000| PB 0x0000000084f00000| Untracked |  0
|  80|0x0000000085000000, 0x0000000085100000, 0x0000000085100000|100%| O|CS|TAMS 0x0000000085000000| PB 0x0000000085000000| Complete |  0
|  81|0x0000000085100000, 0x0000000085200000, 0x0000000085200000|100%| O|CS|TAMS 0x0000000085100000| PB 0x0000000085100000| Complete |  0
|  82|0x0000000085200000, 0x0000000085300000, 0x0000000085300000|100%| O|CS|TAMS 0x0000000085200000| PB 0x0000000085200000| Complete |  0
|  83|0x0000000085300000, 0x0000000085400000, 0x0000000085400000|100%| O|  |TAMS 0x0000000085300000| PB 0x0000000085300000| Untracked |  0
|  84|0x0000000085400000, 0x0000000085500000, 0x0000000085500000|100%| O|  |TAMS 0x0000000085400000| PB 0x0000000085400000| Untracked |  0
|  85|0x0000000085500000, 0x0000000085600000, 0x0000000085600000|100%| O|  |TAMS 0x0000000085500000| PB 0x0000000085500000| Untracked |  0
|  86|0x0000000085600000, 0x0000000085700000, 0x0000000085700000|100%| O|  |TAMS 0x0000000085600000| PB 0x0000000085600000| Untracked |  0
|  87|0x0000000085700000, 0x0000000085800000, 0x0000000085800000|100%| O|  |TAMS 0x0000000085700000| PB 0x0000000085700000| Untracked |  0
|  88|0x0000000085800000, 0x0000000085900000, 0x0000000085900000|100%| O|  |TAMS 0x0000000085800000| PB 0x0000000085800000| Untracked |  0
|  89|0x0000000085900000, 0x0000000085a00000, 0x0000000085a00000|100%| O|  |TAMS 0x0000000085900000| PB 0x0000000085900000| Untracked |  0
|  90|0x0000000085a00000, 0x0000000085b00000, 0x0000000085b00000|100%| O|  |TAMS 0x0000000085a00000| PB 0x0000000085a00000| Untracked |  0
|  91|0x0000000085b00000, 0x0000000085c00000, 0x0000000085c00000|100%| O|  |TAMS 0x0000000085b00000| PB 0x0000000085b00000| Untracked |  0
|  92|0x0000000085c00000, 0x0000000085d00000, 0x0000000085d00000|100%| O|  |TAMS 0x0000000085c00000| PB 0x0000000085c00000| Untracked |  0
|  93|0x0000000085d00000, 0x0000000085e00000, 0x0000000085e00000|100%| O|  |TAMS 0x0000000085d00000| PB 0x0000000085d00000| Untracked |  0
|  94|0x0000000085e00000, 0x0000000085f00000, 0x0000000085f00000|100%| O|CS|TAMS 0x0000000085e00000| PB 0x0000000085e00000| Complete |  0
|  95|0x0000000085f00000, 0x0000000086000000, 0x0000000086000000|100%| O|CS|TAMS 0x0000000085f00000| PB 0x0000000085f00000| Complete |  0
|  96|0x0000000086000000, 0x0000000086100000, 0x0000000086100000|100%| O|  |TAMS 0x0000000086000000| PB 0x0000000086000000| Untracked |  0
|  97|0x0000000086100000, 0x0000000086200000, 0x0000000086200000|100%| O|  |TAMS 0x0000000086100000| PB 0x0000000086100000| Untracked |  0
|  98|0x0000000086200000, 0x0000000086300000, 0x0000000086300000|100%| O|  |TAMS 0x0000000086200000| PB 0x0000000086200000| Untracked |  0
|  99|0x0000000086300000, 0x0000000086400000, 0x0000000086400000|100%| O|  |TAMS 0x0000000086300000| PB 0x0000000086300000| Untracked |  0
| 100|0x0000000086400000, 0x0000000086500000, 0x0000000086500000|100%| O|  |TAMS 0x0000000086400000| PB 0x0000000086400000| Untracked |  0
| 101|0x0000000086500000, 0x0000000086600000, 0x0000000086600000|100%| O|  |TAMS 0x0000000086500000| PB 0x0000000086500000| Untracked |  0
| 102|0x0000000086600000, 0x0000000086700000, 0x0000000086700000|100%| O|  |TAMS 0x0000000086600000| PB 0x0000000086600000| Untracked |  0
| 103|0x0000000086700000, 0x0000000086800000, 0x0000000086800000|100%| O|CS|TAMS 0x0000000086700000| PB 0x0000000086700000| Complete |  0
| 104|0x0000000086800000, 0x0000000086900000, 0x0000000086900000|100%| O|  |TAMS 0x0000000086800000| PB 0x0000000086800000| Untracked |  0
| 105|0x0000000086900000, 0x0000000086a00000, 0x0000000086a00000|100%| O|  |TAMS 0x0000000086900000| PB 0x0000000086900000| Untracked |  0
| 106|0x0000000086a00000, 0x0000000086b00000, 0x0000000086b00000|100%| O|CS|TAMS 0x0000000086a00000| PB 0x0000000086a00000| Complete |  0
| 107|0x0000000086b00000, 0x0000000086c00000, 0x0000000086c00000|100%| O|  |TAMS 0x0000000086b00000| PB 0x0000000086b00000| Untracked |  0
| 108|0x0000000086c00000, 0x0000000086d00000, 0x0000000086d00000|100%| O|  |TAMS 0x0000000086c00000| PB 0x0000000086c00000| Untracked |  0
| 109|0x0000000086d00000, 0x0000000086e00000, 0x0000000086e00000|100%| O|CS|TAMS 0x0000000086d00000| PB 0x0000000086d00000| Complete |  0
| 110|0x0000000086e00000, 0x0000000086f00000, 0x0000000086f00000|100%| O|CS|TAMS 0x0000000086e00000| PB 0x0000000086e00000| Complete |  0
| 111|0x0000000086f00000, 0x0000000087000000, 0x0000000087000000|100%| O|CS|TAMS 0x0000000086f00000| PB 0x0000000086f00000| Complete |  0
| 112|0x0000000087000000, 0x0000000087100000, 0x0000000087100000|100%| O|CS|TAMS 0x0000000087000000| PB 0x0000000087000000| Complete |  0
| 113|0x0000000087100000, 0x0000000087200000, 0x0000000087200000|100%| O|  |TAMS 0x0000000087100000| PB 0x0000000087100000| Untracked |  0
| 114|0x0000000087200000, 0x0000000087300000, 0x0000000087300000|100%| O|  |TAMS 0x0000000087200000| PB 0x0000000087200000| Untracked |  0
| 115|0x0000000087300000, 0x0000000087400000, 0x0000000087400000|100%| O|  |TAMS 0x0000000087300000| PB 0x0000000087300000| Untracked |  0
| 116|0x0000000087400000, 0x0000000087500000, 0x0000000087500000|100%| O|  |TAMS 0x0000000087400000| PB 0x0000000087400000| Untracked |  0
| 117|0x0000000087500000, 0x0000000087600000, 0x0000000087600000|100%| O|  |TAMS 0x0000000087500000| PB 0x0000000087500000| Untracked |  0
| 118|0x0000000087600000, 0x0000000087700000, 0x0000000087700000|100%| O|  |TAMS 0x0000000087600000| PB 0x0000000087600000| Untracked |  0
| 119|0x0000000087700000, 0x0000000087800000, 0x0000000087800000|100%| O|  |TAMS 0x0000000087700000| PB 0x0000000087700000| Untracked |  0
| 120|0x0000000087800000, 0x0000000087900000, 0x0000000087900000|100%| O|  |TAMS 0x0000000087800000| PB 0x0000000087800000| Untracked |  0
| 121|0x0000000087900000, 0x0000000087a00000, 0x0000000087a00000|100%| O|  |TAMS 0x0000000087900000| PB 0x0000000087900000| Untracked |  0
| 122|0x0000000087a00000, 0x0000000087b00000, 0x0000000087b00000|100%| O|  |TAMS 0x0000000087a00000| PB 0x0000000087a00000| Untracked |  0
| 123|0x0000000087b00000, 0x0000000087c00000, 0x0000000087c00000|100%|HS|  |TAMS 0x0000000087b00000| PB 0x0000000087b00000| Complete |  0
| 124|0x0000000087c00000, 0x0000000087d00000, 0x0000000087d00000|100%|HS|  |TAMS 0x0000000087c00000| PB 0x0000000087c00000| Complete |  0
| 125|0x0000000087d00000, 0x0000000087e00000, 0x0000000087e00000|100%| O|  |TAMS 0x0000000087d00000| PB 0x0000000087d00000| Untracked |  0
| 126|0x0000000087e00000, 0x0000000087f00000, 0x0000000087f00000|100%|HS|  |TAMS 0x0000000087e00000| PB 0x0000000087e00000| Complete |  0
| 127|0x0000000087f00000, 0x0000000088000000, 0x0000000088000000|100%|HS|  |TAMS 0x0000000087f00000| PB 0x0000000087f00000| Complete |  0
| 128|0x0000000088000000, 0x0000000088100000, 0x0000000088100000|100%| O|  |TAMS 0x0000000088000000| PB 0x0000000088000000| Untracked |  0
| 129|0x0000000088100000, 0x0000000088200000, 0x0000000088200000|100%| O|  |TAMS 0x0000000088100000| PB 0x0000000088100000| Untracked |  0
| 130|0x0000000088200000, 0x0000000088300000, 0x0000000088300000|100%| O|  |TAMS 0x0000000088200000| PB 0x0000000088200000| Untracked |  0
| 131|0x0000000088300000, 0x0000000088400000, 0x0000000088400000|100%|HS|  |TAMS 0x0000000088300000| PB 0x0000000088300000| Complete |  0
| 132|0x0000000088400000, 0x0000000088500000, 0x0000000088500000|100%| O|  |TAMS 0x0000000088400000| PB 0x0000000088400000| Untracked |  0
| 133|0x0000000088500000, 0x0000000088600000, 0x0000000088600000|100%| O|  |TAMS 0x0000000088500000| PB 0x0000000088500000| Untracked |  0
| 134|0x0000000088600000, 0x0000000088700000, 0x0000000088700000|100%| O|  |TAMS 0x0000000088600000| PB 0x0000000088600000| Untracked |  0
| 135|0x0000000088700000, 0x0000000088800000, 0x0000000088800000|100%|HS|  |TAMS 0x0000000088700000| PB 0x0000000088700000| Complete |  0
| 136|0x0000000088800000, 0x0000000088900000, 0x0000000088900000|100%|HC|  |TAMS 0x0000000088800000| PB 0x0000000088800000| Complete |  0
| 137|0x0000000088900000, 0x0000000088a00000, 0x0000000088a00000|100%| O|  |TAMS 0x0000000088900000| PB 0x0000000088900000| Untracked |  0
| 138|0x0000000088a00000, 0x0000000088b00000, 0x0000000088b00000|100%| O|  |TAMS 0x0000000088a00000| PB 0x0000000088a00000| Untracked |  0
| 139|0x0000000088b00000, 0x0000000088c00000, 0x0000000088c00000|100%| O|  |TAMS 0x0000000088b00000| PB 0x0000000088b00000| Untracked |  0
| 140|0x0000000088c00000, 0x0000000088d00000, 0x0000000088d00000|100%| O|  |TAMS 0x0000000088c00000| PB 0x0000000088c00000| Untracked |  0
| 141|0x0000000088d00000, 0x0000000088e00000, 0x0000000088e00000|100%| O|  |TAMS 0x0000000088d00000| PB 0x0000000088d00000| Untracked |  0
| 142|0x0000000088e00000, 0x0000000088f00000, 0x0000000088f00000|100%|HS|  |TAMS 0x0000000088e00000| PB 0x0000000088e00000| Complete |  0
| 143|0x0000000088f00000, 0x0000000089000000, 0x0000000089000000|100%|HC|  |TAMS 0x0000000088f00000| PB 0x0000000088f00000| Complete |  0
| 144|0x0000000089000000, 0x0000000089100000, 0x0000000089100000|100%|HS|  |TAMS 0x0000000089000000| PB 0x0000000089000000| Complete |  0
| 145|0x0000000089100000, 0x0000000089200000, 0x0000000089200000|100%| O|  |TAMS 0x0000000089100000| PB 0x0000000089100000| Untracked |  0
| 146|0x0000000089200000, 0x0000000089300000, 0x0000000089300000|100%|HS|  |TAMS 0x0000000089200000| PB 0x0000000089200000| Complete |  0
| 147|0x0000000089300000, 0x0000000089400000, 0x0000000089400000|100%| O|  |TAMS 0x0000000089300000| PB 0x0000000089300000| Untracked |  0
| 148|0x0000000089400000, 0x0000000089500000, 0x0000000089500000|100%| O|  |TAMS 0x0000000089400000| PB 0x0000000089400000| Untracked |  0
| 149|0x0000000089500000, 0x0000000089600000, 0x0000000089600000|100%| O|  |TAMS 0x0000000089500000| PB 0x0000000089500000| Untracked |  0
| 150|0x0000000089600000, 0x0000000089700000, 0x0000000089700000|100%| O|  |TAMS 0x0000000089600000| PB 0x0000000089600000| Untracked |  0
| 151|0x0000000089700000, 0x0000000089800000, 0x0000000089800000|100%| O|  |TAMS 0x0000000089700000| PB 0x0000000089700000| Untracked |  0
| 152|0x0000000089800000, 0x0000000089900000, 0x0000000089900000|100%| O|  |TAMS 0x0000000089800000| PB 0x0000000089800000| Untracked |  0
| 153|0x0000000089900000, 0x0000000089a00000, 0x0000000089a00000|100%| O|  |TAMS 0x0000000089900000| PB 0x0000000089900000| Untracked |  0
| 154|0x0000000089a00000, 0x0000000089b00000, 0x0000000089b00000|100%| O|  |TAMS 0x0000000089a00000| PB 0x0000000089a00000| Untracked |  0
| 155|0x0000000089b00000, 0x0000000089c00000, 0x0000000089c00000|100%| O|  |TAMS 0x0000000089b00000| PB 0x0000000089b00000| Untracked |  0
| 156|0x0000000089c00000, 0x0000000089d00000, 0x0000000089d00000|100%| O|  |TAMS 0x0000000089c00000| PB 0x0000000089c00000| Untracked |  0
| 157|0x0000000089d00000, 0x0000000089e00000, 0x0000000089e00000|100%| O|  |TAMS 0x0000000089d00000| PB 0x0000000089d00000| Untracked |  0
| 158|0x0000000089e00000, 0x0000000089f00000, 0x0000000089f00000|100%| O|  |TAMS 0x0000000089e00000| PB 0x0000000089e00000| Untracked |  0
| 159|0x0000000089f00000, 0x000000008a000000, 0x000000008a000000|100%| O|CS|TAMS 0x0000000089f00000| PB 0x0000000089f00000| Complete |  0
| 160|0x000000008a000000, 0x000000008a100000, 0x000000008a100000|100%| O|  |TAMS 0x000000008a000000| PB 0x000000008a000000| Untracked |  0
| 161|0x000000008a100000, 0x000000008a200000, 0x000000008a200000|100%| O|CS|TAMS 0x000000008a100000| PB 0x000000008a100000| Complete |  0
| 162|0x000000008a200000, 0x000000008a300000, 0x000000008a300000|100%| O|  |TAMS 0x000000008a200000| PB 0x000000008a200000| Untracked |  0
| 163|0x000000008a300000, 0x000000008a400000, 0x000000008a400000|100%| O|CS|TAMS 0x000000008a300000| PB 0x000000008a300000| Complete |  0
| 164|0x000000008a400000, 0x000000008a500000, 0x000000008a500000|100%| O|  |TAMS 0x000000008a400000| PB 0x000000008a400000| Untracked |  0
| 165|0x000000008a500000, 0x000000008a600000, 0x000000008a600000|100%| O|  |TAMS 0x000000008a500000| PB 0x000000008a500000| Untracked |  0
| 166|0x000000008a600000, 0x000000008a700000, 0x000000008a700000|100%| O|  |TAMS 0x000000008a600000| PB 0x000000008a600000| Untracked |  0
| 167|0x000000008a700000, 0x000000008a800000, 0x000000008a800000|100%| O|  |TAMS 0x000000008a700000| PB 0x000000008a700000| Untracked |  0
| 168|0x000000008a800000, 0x000000008a900000, 0x000000008a900000|100%|HS|  |TAMS 0x000000008a800000| PB 0x000000008a800000| Complete |  0
| 169|0x000000008a900000, 0x000000008aa00000, 0x000000008aa00000|100%|HS|  |TAMS 0x000000008a900000| PB 0x000000008a900000| Complete |  0
| 170|0x000000008aa00000, 0x000000008ab00000, 0x000000008ab00000|100%|HC|  |TAMS 0x000000008aa00000| PB 0x000000008aa00000| Complete |  0
| 171|0x000000008ab00000, 0x000000008ac00000, 0x000000008ac00000|100%| O|  |TAMS 0x000000008ab00000| PB 0x000000008ab00000| Untracked |  0
| 172|0x000000008ac00000, 0x000000008ad00000, 0x000000008ad00000|100%| O|  |TAMS 0x000000008ac00000| PB 0x000000008ac00000| Untracked |  0
| 173|0x000000008ad00000, 0x000000008ae00000, 0x000000008ae00000|100%| O|  |TAMS 0x000000008ad00000| PB 0x000000008ad00000| Untracked |  0
| 174|0x000000008ae00000, 0x000000008af00000, 0x000000008af00000|100%|HS|  |TAMS 0x000000008ae00000| PB 0x000000008ae00000| Complete |  0
| 175|0x000000008af00000, 0x000000008b000000, 0x000000008b000000|100%| O|  |TAMS 0x000000008af00000| PB 0x000000008af00000| Untracked |  0
| 176|0x000000008b000000, 0x000000008b100000, 0x000000008b100000|100%| O|  |TAMS 0x000000008b000000| PB 0x000000008b000000| Untracked |  0
| 177|0x000000008b100000, 0x000000008b200000, 0x000000008b200000|100%| O|  |TAMS 0x000000008b100000| PB 0x000000008b100000| Untracked |  0
| 178|0x000000008b200000, 0x000000008b300000, 0x000000008b300000|100%| O|CS|TAMS 0x000000008b200000| PB 0x000000008b200000| Complete |  0
| 179|0x000000008b300000, 0x000000008b400000, 0x000000008b400000|100%| O|CS|TAMS 0x000000008b300000| PB 0x000000008b300000| Complete |  0
| 180|0x000000008b400000, 0x000000008b500000, 0x000000008b500000|100%| O|  |TAMS 0x000000008b400000| PB 0x000000008b400000| Untracked |  0
| 181|0x000000008b500000, 0x000000008b600000, 0x000000008b600000|100%| O|  |TAMS 0x000000008b500000| PB 0x000000008b500000| Untracked |  0
| 182|0x000000008b600000, 0x000000008b700000, 0x000000008b700000|100%| O|  |TAMS 0x000000008b600000| PB 0x000000008b600000| Untracked |  0
| 183|0x000000008b700000, 0x000000008b800000, 0x000000008b800000|100%| O|  |TAMS 0x000000008b700000| PB 0x000000008b700000| Untracked |  0
| 184|0x000000008b800000, 0x000000008b900000, 0x000000008b900000|100%| O|  |TAMS 0x000000008b800000| PB 0x000000008b800000| Untracked |  0
| 185|0x000000008b900000, 0x000000008ba00000, 0x000000008ba00000|100%| O|  |TAMS 0x000000008b900000| PB 0x000000008b900000| Untracked |  0
| 186|0x000000008ba00000, 0x000000008bb00000, 0x000000008bb00000|100%| O|CS|TAMS 0x000000008ba00000| PB 0x000000008ba00000| Complete |  0
| 187|0x000000008bb00000, 0x000000008bc00000, 0x000000008bc00000|100%| O|  |TAMS 0x000000008bb00000| PB 0x000000008bb00000| Untracked |  0
| 188|0x000000008bc00000, 0x000000008bd00000, 0x000000008bd00000|100%| O|CS|TAMS 0x000000008bc00000| PB 0x000000008bc00000| Complete |  0
| 189|0x000000008bd00000, 0x000000008be00000, 0x000000008be00000|100%| O|  |TAMS 0x000000008bd00000| PB 0x000000008bd00000| Untracked |  0
| 190|0x000000008be00000, 0x000000008bf00000, 0x000000008bf00000|100%| O|CS|TAMS 0x000000008be00000| PB 0x000000008be00000| Complete |  0
| 191|0x000000008bf00000, 0x000000008c000000, 0x000000008c000000|100%| O|CS|TAMS 0x000000008bf00000| PB 0x000000008bf00000| Complete |  0
| 192|0x000000008c000000, 0x000000008c100000, 0x000000008c100000|100%| O|  |TAMS 0x000000008c000000| PB 0x000000008c000000| Untracked |  0
| 193|0x000000008c100000, 0x000000008c200000, 0x000000008c200000|100%| O|CS|TAMS 0x000000008c100000| PB 0x000000008c100000| Complete |  0
| 194|0x000000008c200000, 0x000000008c300000, 0x000000008c300000|100%| O|  |TAMS 0x000000008c200000| PB 0x000000008c200000| Untracked |  0
| 195|0x000000008c300000, 0x000000008c400000, 0x000000008c400000|100%| O|  |TAMS 0x000000008c300000| PB 0x000000008c300000| Untracked |  0
| 196|0x000000008c400000, 0x000000008c500000, 0x000000008c500000|100%| O|  |TAMS 0x000000008c400000| PB 0x000000008c400000| Untracked |  0
| 197|0x000000008c500000, 0x000000008c600000, 0x000000008c600000|100%| O|  |TAMS 0x000000008c500000| PB 0x000000008c500000| Untracked |  0
| 198|0x000000008c600000, 0x000000008c700000, 0x000000008c700000|100%| O|  |TAMS 0x000000008c600000| PB 0x000000008c600000| Untracked |  0
| 199|0x000000008c700000, 0x000000008c800000, 0x000000008c800000|100%| O|  |TAMS 0x000000008c700000| PB 0x000000008c700000| Untracked |  0
| 200|0x000000008c800000, 0x000000008c900000, 0x000000008c900000|100%| S|  |TAMS 0x000000008c800000| PB 0x000000008c800000| Complete |  0
| 201|0x000000008c900000, 0x000000008ca00000, 0x000000008ca00000|100%| S|  |TAMS 0x000000008c900000| PB 0x000000008c900000| Complete |  0
| 202|0x000000008ca00000, 0x000000008cb00000, 0x000000008cb00000|100%| S|  |TAMS 0x000000008ca00000| PB 0x000000008ca00000| Complete |  0
| 203|0x000000008cb00000, 0x000000008cc00000, 0x000000008cc00000|100%| S|  |TAMS 0x000000008cb00000| PB 0x000000008cb00000| Complete |  0
| 204|0x000000008cc00000, 0x000000008cd00000, 0x000000008cd00000|100%| S|  |TAMS 0x000000008cc00000| PB 0x000000008cc00000| Complete |  0
| 205|0x000000008cd00000, 0x000000008ce00000, 0x000000008ce00000|100%| S|  |TAMS 0x000000008cd00000| PB 0x000000008cd00000| Complete |  0
| 206|0x000000008ce00000, 0x000000008cf00000, 0x000000008cf00000|100%| O|  |TAMS 0x000000008ce00000| PB 0x000000008ce00000| Untracked |  0
| 207|0x000000008cf00000, 0x000000008d000000, 0x000000008d000000|100%| O|  |TAMS 0x000000008cf00000| PB 0x000000008cf00000| Untracked |  0
| 208|0x000000008d000000, 0x000000008d100000, 0x000000008d100000|100%| O|  |TAMS 0x000000008d000000| PB 0x000000008d000000| Untracked |  0
| 209|0x000000008d100000, 0x000000008d200000, 0x000000008d200000|100%| O|  |TAMS 0x000000008d100000| PB 0x000000008d100000| Untracked |  0
| 210|0x000000008d200000, 0x000000008d300000, 0x000000008d300000|100%| O|  |TAMS 0x000000008d200000| PB 0x000000008d200000| Untracked |  0
| 211|0x000000008d300000, 0x000000008d400000, 0x000000008d400000|100%| O|  |TAMS 0x000000008d300000| PB 0x000000008d300000| Untracked |  0
| 212|0x000000008d400000, 0x000000008d500000, 0x000000008d500000|100%| O|  |TAMS 0x000000008d400000| PB 0x000000008d400000| Untracked |  0
| 213|0x000000008d500000, 0x000000008d600000, 0x000000008d600000|100%| O|  |TAMS 0x000000008d500000| PB 0x000000008d500000| Untracked |  0
| 214|0x000000008d600000, 0x000000008d700000, 0x000000008d700000|100%| O|  |TAMS 0x000000008d600000| PB 0x000000008d600000| Untracked |  0
| 215|0x000000008d700000, 0x000000008d800000, 0x000000008d800000|100%| O|  |TAMS 0x000000008d700000| PB 0x000000008d700000| Untracked |  0
| 216|0x000000008d800000, 0x000000008d900000, 0x000000008d900000|100%| O|  |TAMS 0x000000008d800000| PB 0x000000008d800000| Untracked |  0
| 217|0x000000008d900000, 0x000000008da00000, 0x000000008da00000|100%| S|  |TAMS 0x000000008d900000| PB 0x000000008d900000| Complete |  0
| 218|0x000000008da00000, 0x000000008db00000, 0x000000008db00000|100%| S|  |TAMS 0x000000008da00000| PB 0x000000008da00000| Complete |  0
| 219|0x000000008db00000, 0x000000008dc00000, 0x000000008dc00000|100%| S|  |TAMS 0x000000008db00000| PB 0x000000008db00000| Complete |  0
| 220|0x000000008dc00000, 0x000000008dccc0f0, 0x000000008dd00000| 79%| E|CS|TAMS 0x000000008dc00000| PB 0x000000008dc00000| Complete |  0
| 221|0x000000008dd00000, 0x000000008de00000, 0x000000008de00000|100%| E|CS|TAMS 0x000000008dd00000| PB 0x000000008dd00000| Complete |  0
| 222|0x000000008de00000, 0x000000008df00000, 0x000000008df00000|100%| E|CS|TAMS 0x000000008de00000| PB 0x000000008de00000| Complete |  0
| 223|0x000000008df00000, 0x000000008e000000, 0x000000008e000000|100%| E|CS|TAMS 0x000000008df00000| PB 0x000000008df00000| Complete |  0
| 224|0x000000008e000000, 0x000000008e100000, 0x000000008e100000|100%| E|CS|TAMS 0x000000008e000000| PB 0x000000008e000000| Complete |  0
| 225|0x000000008e100000, 0x000000008e200000, 0x000000008e200000|100%| E|CS|TAMS 0x000000008e100000| PB 0x000000008e100000| Complete |  0
| 226|0x000000008e200000, 0x000000008e300000, 0x000000008e300000|100%| E|CS|TAMS 0x000000008e200000| PB 0x000000008e200000| Complete |  0
| 227|0x000000008e300000, 0x000000008e400000, 0x000000008e400000|100%| E|CS|TAMS 0x000000008e300000| PB 0x000000008e300000| Complete |  0
| 228|0x000000008e400000, 0x000000008e500000, 0x000000008e500000|100%| S|  |TAMS 0x000000008e400000| PB 0x000000008e400000| Complete |  0
| 229|0x000000008e500000, 0x000000008e600000, 0x000000008e600000|100%| S|  |TAMS 0x000000008e500000| PB 0x000000008e500000| Complete |  0
| 230|0x000000008e600000, 0x000000008e700000, 0x000000008e700000|100%| S|  |TAMS 0x000000008e600000| PB 0x000000008e600000| Complete |  0
| 231|0x000000008e700000, 0x000000008e800000, 0x000000008e800000|100%| S|  |TAMS 0x000000008e700000| PB 0x000000008e700000| Complete |  0
| 232|0x000000008e800000, 0x000000008e900000, 0x000000008e900000|100%| S|  |TAMS 0x000000008e800000| PB 0x000000008e800000| Complete |  0
| 233|0x000000008e900000, 0x000000008ea00000, 0x000000008ea00000|100%| S|  |TAMS 0x000000008e900000| PB 0x000000008e900000| Complete |  0
| 234|0x000000008ea00000, 0x000000008eb00000, 0x000000008eb00000|100%| E|CS|TAMS 0x000000008ea00000| PB 0x000000008ea00000| Complete |  2
| 235|0x000000008eb00000, 0x000000008ec00000, 0x000000008ec00000|100%| E|CS|TAMS 0x000000008eb00000| PB 0x000000008eb00000| Complete |  0
| 236|0x000000008ec00000, 0x000000008ed00000, 0x000000008ed00000|100%| E|CS|TAMS 0x000000008ec00000| PB 0x000000008ec00000| Complete |  0
| 237|0x000000008ed00000, 0x000000008ee00000, 0x000000008ee00000|100%| E|CS|TAMS 0x000000008ed00000| PB 0x000000008ed00000| Complete |  0
| 238|0x000000008ee00000, 0x000000008ef00000, 0x000000008ef00000|100%| E|CS|TAMS 0x000000008ee00000| PB 0x000000008ee00000| Complete |  0
| 239|0x000000008ef00000, 0x000000008f000000, 0x000000008f000000|100%| E|CS|TAMS 0x000000008ef00000| PB 0x000000008ef00000| Complete |  0
| 240|0x000000008f000000, 0x000000008f100000, 0x000000008f100000|100%| E|CS|TAMS 0x000000008f000000| PB 0x000000008f000000| Complete |  0
| 241|0x000000008f100000, 0x000000008f200000, 0x000000008f200000|100%| E|CS|TAMS 0x000000008f100000| PB 0x000000008f100000| Complete |  0
| 242|0x000000008f200000, 0x000000008f300000, 0x000000008f300000|100%| E|CS|TAMS 0x000000008f200000| PB 0x000000008f200000| Complete |  0
| 243|0x000000008f300000, 0x000000008f400000, 0x000000008f400000|100%| E|CS|TAMS 0x000000008f300000| PB 0x000000008f300000| Complete |  0
| 244|0x000000008f400000, 0x000000008f500000, 0x000000008f500000|100%| E|CS|TAMS 0x000000008f400000| PB 0x000000008f400000| Complete |  0
| 245|0x000000008f500000, 0x000000008f600000, 0x000000008f600000|100%| E|CS|TAMS 0x000000008f500000| PB 0x000000008f500000| Complete |  0
| 246|0x000000008f600000, 0x000000008f700000, 0x000000008f700000|100%| E|CS|TAMS 0x000000008f600000| PB 0x000000008f600000| Complete |  0
| 247|0x000000008f700000, 0x000000008f800000, 0x000000008f800000|100%| E|CS|TAMS 0x000000008f700000| PB 0x000000008f700000| Complete |  0
| 248|0x000000008f800000, 0x000000008f900000, 0x000000008f900000|100%| E|CS|TAMS 0x000000008f800000| PB 0x000000008f800000| Complete |  0
| 249|0x000000008f900000, 0x000000008fa00000, 0x000000008fa00000|100%| E|CS|TAMS 0x000000008f900000| PB 0x000000008f900000| Complete |  0
| 250|0x000000008fa00000, 0x000000008fb00000, 0x000000008fb00000|100%| E|CS|TAMS 0x000000008fa00000| PB 0x000000008fa00000| Complete |  0
| 251|0x000000008fb00000, 0x000000008fc00000, 0x000000008fc00000|100%| E|CS|TAMS 0x000000008fb00000| PB 0x000000008fb00000| Complete |  0
| 252|0x000000008fc00000, 0x000000008fd00000, 0x000000008fd00000|100%| E|CS|TAMS 0x000000008fc00000| PB 0x000000008fc00000| Complete |  0
| 253|0x000000008fd00000, 0x000000008fe00000, 0x000000008fe00000|100%| E|CS|TAMS 0x000000008fd00000| PB 0x000000008fd00000| Complete |  0
| 254|0x000000008fe00000, 0x000000008ff00000, 0x000000008ff00000|100%| E|CS|TAMS 0x000000008fe00000| PB 0x000000008fe00000| Complete |  0
| 255|0x000000008ff00000, 0x0000000090000000, 0x0000000090000000|100%| E|CS|TAMS 0x000000008ff00000| PB 0x000000008ff00000| Complete |  0
| 256|0x0000000090000000, 0x0000000090100000, 0x0000000090100000|100%| E|CS|TAMS 0x0000000090000000| PB 0x0000000090000000| Complete |  0
| 257|0x0000000090100000, 0x0000000090200000, 0x0000000090200000|100%| E|CS|TAMS 0x0000000090100000| PB 0x0000000090100000| Complete |  0
| 258|0x0000000090200000, 0x0000000090300000, 0x0000000090300000|100%| E|CS|TAMS 0x0000000090200000| PB 0x0000000090200000| Complete |  0
| 259|0x0000000090300000, 0x0000000090400000, 0x0000000090400000|100%| E|CS|TAMS 0x0000000090300000| PB 0x0000000090300000| Complete |  0
| 260|0x0000000090400000, 0x0000000090500000, 0x0000000090500000|100%| E|CS|TAMS 0x0000000090400000| PB 0x0000000090400000| Complete |  0
| 261|0x0000000090500000, 0x0000000090600000, 0x0000000090600000|100%| E|CS|TAMS 0x0000000090500000| PB 0x0000000090500000| Complete |  0
| 262|0x0000000090600000, 0x0000000090700000, 0x0000000090700000|100%| E|CS|TAMS 0x0000000090600000| PB 0x0000000090600000| Complete |  0
| 263|0x0000000090700000, 0x0000000090800000, 0x0000000090800000|100%| E|CS|TAMS 0x0000000090700000| PB 0x0000000090700000| Complete |  0
| 264|0x0000000090800000, 0x0000000090900000, 0x0000000090900000|100%| E|CS|TAMS 0x0000000090800000| PB 0x0000000090800000| Complete |  0
| 265|0x0000000090900000, 0x0000000090a00000, 0x0000000090a00000|100%| E|CS|TAMS 0x0000000090900000| PB 0x0000000090900000| Complete |  0
| 266|0x0000000090a00000, 0x0000000090b00000, 0x0000000090b00000|100%| E|CS|TAMS 0x0000000090a00000| PB 0x0000000090a00000| Complete |  0
| 267|0x0000000090b00000, 0x0000000090c00000, 0x0000000090c00000|100%| E|CS|TAMS 0x0000000090b00000| PB 0x0000000090b00000| Complete |  0
| 268|0x0000000090c00000, 0x0000000090d00000, 0x0000000090d00000|100%| E|CS|TAMS 0x0000000090c00000| PB 0x0000000090c00000| Complete |  0
| 269|0x0000000090d00000, 0x0000000090e00000, 0x0000000090e00000|100%| E|CS|TAMS 0x0000000090d00000| PB 0x0000000090d00000| Complete |  0
| 270|0x0000000090e00000, 0x0000000090f00000, 0x0000000090f00000|100%| E|CS|TAMS 0x0000000090e00000| PB 0x0000000090e00000| Complete |  0
| 271|0x0000000090f00000, 0x0000000091000000, 0x0000000091000000|100%| E|CS|TAMS 0x0000000090f00000| PB 0x0000000090f00000| Complete |  0
| 272|0x0000000091000000, 0x0000000091100000, 0x0000000091100000|100%| E|CS|TAMS 0x0000000091000000| PB 0x0000000091000000| Complete |  0
| 273|0x0000000091100000, 0x0000000091200000, 0x0000000091200000|100%| E|CS|TAMS 0x0000000091100000| PB 0x0000000091100000| Complete |  0
| 274|0x0000000091200000, 0x0000000091300000, 0x0000000091300000|100%| E|CS|TAMS 0x0000000091200000| PB 0x0000000091200000| Complete |  0
| 275|0x0000000091300000, 0x0000000091400000, 0x0000000091400000|100%| E|CS|TAMS 0x0000000091300000| PB 0x0000000091300000| Complete |  0
| 276|0x0000000091400000, 0x0000000091500000, 0x0000000091500000|100%| E|CS|TAMS 0x0000000091400000| PB 0x0000000091400000| Complete |  0
| 277|0x0000000091500000, 0x0000000091600000, 0x0000000091600000|100%| E|CS|TAMS 0x0000000091500000| PB 0x0000000091500000| Complete |  0
| 278|0x0000000091600000, 0x0000000091700000, 0x0000000091700000|100%| E|CS|TAMS 0x0000000091600000| PB 0x0000000091600000| Complete |  0
| 279|0x0000000091700000, 0x0000000091800000, 0x0000000091800000|100%| E|CS|TAMS 0x0000000091700000| PB 0x0000000091700000| Complete |  0
| 280|0x0000000091800000, 0x0000000091900000, 0x0000000091900000|100%| E|CS|TAMS 0x0000000091800000| PB 0x0000000091800000| Complete |  0
| 281|0x0000000091900000, 0x0000000091a00000, 0x0000000091a00000|100%| E|CS|TAMS 0x0000000091900000| PB 0x0000000091900000| Complete |  0
| 282|0x0000000091a00000, 0x0000000091b00000, 0x0000000091b00000|100%| E|CS|TAMS 0x0000000091a00000| PB 0x0000000091a00000| Complete |  0
| 283|0x0000000091b00000, 0x0000000091c00000, 0x0000000091c00000|100%| E|CS|TAMS 0x0000000091b00000| PB 0x0000000091b00000| Complete |  0
| 284|0x0000000091c00000, 0x0000000091d00000, 0x0000000091d00000|100%| E|CS|TAMS 0x0000000091c00000| PB 0x0000000091c00000| Complete |  0
| 285|0x0000000091d00000, 0x0000000091e00000, 0x0000000091e00000|100%| E|CS|TAMS 0x0000000091d00000| PB 0x0000000091d00000| Complete |  0
| 286|0x0000000091e00000, 0x0000000091f00000, 0x0000000091f00000|100%| E|CS|TAMS 0x0000000091e00000| PB 0x0000000091e00000| Complete |  0
| 287|0x0000000091f00000, 0x0000000092000000, 0x0000000092000000|100%| E|CS|TAMS 0x0000000091f00000| PB 0x0000000091f00000| Complete |  0
| 288|0x0000000092000000, 0x0000000092100000, 0x0000000092100000|100%| E|CS|TAMS 0x0000000092000000| PB 0x0000000092000000| Complete |  0
| 289|0x0000000092100000, 0x0000000092200000, 0x0000000092200000|100%| E|CS|TAMS 0x0000000092100000| PB 0x0000000092100000| Complete |  0
| 290|0x0000000092200000, 0x0000000092300000, 0x0000000092300000|100%| E|CS|TAMS 0x0000000092200000| PB 0x0000000092200000| Complete |  0
| 291|0x0000000092300000, 0x0000000092400000, 0x0000000092400000|100%| E|CS|TAMS 0x0000000092300000| PB 0x0000000092300000| Complete |  0
| 292|0x0000000092400000, 0x0000000092500000, 0x0000000092500000|100%| E|CS|TAMS 0x0000000092400000| PB 0x0000000092400000| Complete |  0
| 293|0x0000000092500000, 0x0000000092600000, 0x0000000092600000|100%| E|CS|TAMS 0x0000000092500000| PB 0x0000000092500000| Complete |  0
| 294|0x0000000092600000, 0x0000000092700000, 0x0000000092700000|100%| E|CS|TAMS 0x0000000092600000| PB 0x0000000092600000| Complete |  0
| 295|0x0000000092700000, 0x0000000092800000, 0x0000000092800000|100%| E|CS|TAMS 0x0000000092700000| PB 0x0000000092700000| Complete |  0
| 296|0x0000000092800000, 0x0000000092900000, 0x0000000092900000|100%| E|CS|TAMS 0x0000000092800000| PB 0x0000000092800000| Complete |  0
| 297|0x0000000092900000, 0x0000000092a00000, 0x0000000092a00000|100%| E|CS|TAMS 0x0000000092900000| PB 0x0000000092900000| Complete |  0
| 298|0x0000000092a00000, 0x0000000092b00000, 0x0000000092b00000|100%| E|CS|TAMS 0x0000000092a00000| PB 0x0000000092a00000| Complete |  0
| 299|0x0000000092b00000, 0x0000000092c00000, 0x0000000092c00000|100%| E|CS|TAMS 0x0000000092b00000| PB 0x0000000092b00000| Complete |  0
| 300|0x0000000092c00000, 0x0000000092d00000, 0x0000000092d00000|100%| E|CS|TAMS 0x0000000092c00000| PB 0x0000000092c00000| Complete |  0
| 301|0x0000000092d00000, 0x0000000092e00000, 0x0000000092e00000|100%| E|CS|TAMS 0x0000000092d00000| PB 0x0000000092d00000| Complete |  0
| 302|0x0000000092e00000, 0x0000000092f00000, 0x0000000092f00000|100%| E|CS|TAMS 0x0000000092e00000| PB 0x0000000092e00000| Complete |  0
| 303|0x0000000092f00000, 0x0000000093000000, 0x0000000093000000|100%| E|CS|TAMS 0x0000000092f00000| PB 0x0000000092f00000| Complete |  0
| 304|0x0000000093000000, 0x0000000093100000, 0x0000000093100000|100%| E|CS|TAMS 0x0000000093000000| PB 0x0000000093000000| Complete |  0
| 305|0x0000000093100000, 0x0000000093200000, 0x0000000093200000|100%| E|CS|TAMS 0x0000000093100000| PB 0x0000000093100000| Complete |  0
| 306|0x0000000093200000, 0x0000000093300000, 0x0000000093300000|100%| E|CS|TAMS 0x0000000093200000| PB 0x0000000093200000| Complete |  0
| 307|0x0000000093300000, 0x0000000093400000, 0x0000000093400000|100%| E|CS|TAMS 0x0000000093300000| PB 0x0000000093300000| Complete |  0
| 308|0x0000000093400000, 0x0000000093500000, 0x0000000093500000|100%| E|CS|TAMS 0x0000000093400000| PB 0x0000000093400000| Complete |  0
| 309|0x0000000093500000, 0x0000000093600000, 0x0000000093600000|100%| E|CS|TAMS 0x0000000093500000| PB 0x0000000093500000| Complete |  0
| 310|0x0000000093600000, 0x0000000093700000, 0x0000000093700000|100%| E|CS|TAMS 0x0000000093600000| PB 0x0000000093600000| Complete |  0
| 311|0x0000000093700000, 0x0000000093800000, 0x0000000093800000|100%| E|CS|TAMS 0x0000000093700000| PB 0x0000000093700000| Complete |  0
| 312|0x0000000093800000, 0x0000000093900000, 0x0000000093900000|100%| E|CS|TAMS 0x0000000093800000| PB 0x0000000093800000| Complete |  0
| 313|0x0000000093900000, 0x0000000093a00000, 0x0000000093a00000|100%| E|CS|TAMS 0x0000000093900000| PB 0x0000000093900000| Complete |  0
| 314|0x0000000093a00000, 0x0000000093b00000, 0x0000000093b00000|100%| E|CS|TAMS 0x0000000093a00000| PB 0x0000000093a00000| Complete |  0
| 315|0x0000000093b00000, 0x0000000093c00000, 0x0000000093c00000|100%| E|CS|TAMS 0x0000000093b00000| PB 0x0000000093b00000| Complete |  0
| 316|0x0000000093c00000, 0x0000000093d00000, 0x0000000093d00000|100%| E|CS|TAMS 0x0000000093c00000| PB 0x0000000093c00000| Complete |  0
| 317|0x0000000093d00000, 0x0000000093e00000, 0x0000000093e00000|100%| E|CS|TAMS 0x0000000093d00000| PB 0x0000000093d00000| Complete |  0
| 318|0x0000000093e00000, 0x0000000093f00000, 0x0000000093f00000|100%| E|CS|TAMS 0x0000000093e00000| PB 0x0000000093e00000| Complete |  0
| 319|0x0000000093f00000, 0x0000000094000000, 0x0000000094000000|100%| E|CS|TAMS 0x0000000093f00000| PB 0x0000000093f00000| Complete |  0
| 320|0x0000000094000000, 0x0000000094100000, 0x0000000094100000|100%| E|CS|TAMS 0x0000000094000000| PB 0x0000000094000000| Complete |  0
| 321|0x0000000094100000, 0x0000000094200000, 0x0000000094200000|100%| E|CS|TAMS 0x0000000094100000| PB 0x0000000094100000| Complete |  0
| 322|0x0000000094200000, 0x0000000094300000, 0x0000000094300000|100%| E|CS|TAMS 0x0000000094200000| PB 0x0000000094200000| Complete |  0
| 323|0x0000000094300000, 0x0000000094400000, 0x0000000094400000|100%| E|CS|TAMS 0x0000000094300000| PB 0x0000000094300000| Complete |  0
| 324|0x0000000094400000, 0x0000000094500000, 0x0000000094500000|100%| E|CS|TAMS 0x0000000094400000| PB 0x0000000094400000| Complete |  0
| 325|0x0000000094500000, 0x0000000094600000, 0x0000000094600000|100%| E|CS|TAMS 0x0000000094500000| PB 0x0000000094500000| Complete |  0
| 326|0x0000000094600000, 0x0000000094700000, 0x0000000094700000|100%| E|CS|TAMS 0x0000000094600000| PB 0x0000000094600000| Complete |  0
|2020|0x00000000fe400000, 0x00000000fe500000, 0x00000000fe500000|100%| O|  |TAMS 0x00000000fe400000| PB 0x00000000fe400000| Untracked |  0
|2021|0x00000000fe500000, 0x00000000fe600000, 0x00000000fe600000|100%| O|  |TAMS 0x00000000fe500000| PB 0x00000000fe500000| Untracked |  0
|2022|0x00000000fe600000, 0x00000000fe700000, 0x00000000fe700000|100%| O|  |TAMS 0x00000000fe600000| PB 0x00000000fe600000| Untracked |  0
|2023|0x00000000fe700000, 0x00000000fe800000, 0x00000000fe800000|100%| O|  |TAMS 0x00000000fe700000| PB 0x00000000fe700000| Untracked |  0
|2024|0x00000000fe800000, 0x00000000fe900000, 0x00000000fe900000|100%| O|  |TAMS 0x00000000fe800000| PB 0x00000000fe800000| Untracked |  0
|2025|0x00000000fe900000, 0x00000000fea00000, 0x00000000fea00000|100%| O|  |TAMS 0x00000000fe900000| PB 0x00000000fe900000| Untracked |  0
|2026|0x00000000fea00000, 0x00000000feb00000, 0x00000000feb00000|100%| E|CS|TAMS 0x00000000fea00000| PB 0x00000000fea00000| Complete |  0
|2027|0x00000000feb00000, 0x00000000fec00000, 0x00000000fec00000|100%| E|CS|TAMS 0x00000000feb00000| PB 0x00000000feb00000| Complete |  0
|2028|0x00000000fec00000, 0x00000000fed00000, 0x00000000fed00000|100%| E|CS|TAMS 0x00000000fec00000| PB 0x00000000fec00000| Complete |  0
|2029|0x00000000fed00000, 0x00000000fee00000, 0x00000000fee00000|100%| E|CS|TAMS 0x00000000fed00000| PB 0x00000000fed00000| Complete |  0
|2030|0x00000000fee00000, 0x00000000fef00000, 0x00000000fef00000|100%| E|CS|TAMS 0x00000000fee00000| PB 0x00000000fee00000| Complete |  0
|2031|0x00000000fef00000, 0x00000000ff000000, 0x00000000ff000000|100%| E|CS|TAMS 0x00000000fef00000| PB 0x00000000fef00000| Complete |  0
|2032|0x00000000ff000000, 0x00000000ff100000, 0x00000000ff100000|100%| E|CS|TAMS 0x00000000ff000000| PB 0x00000000ff000000| Complete |  0
|2033|0x00000000ff100000, 0x00000000ff200000, 0x00000000ff200000|100%| E|CS|TAMS 0x00000000ff100000| PB 0x00000000ff100000| Complete |  0
|2034|0x00000000ff200000, 0x00000000ff300000, 0x00000000ff300000|100%| E|CS|TAMS 0x00000000ff200000| PB 0x00000000ff200000| Complete |  0
|2035|0x00000000ff300000, 0x00000000ff400000, 0x00000000ff400000|100%| E|CS|TAMS 0x00000000ff300000| PB 0x00000000ff300000| Complete |  0
|2036|0x00000000ff400000, 0x00000000ff500000, 0x00000000ff500000|100%| O|CS|TAMS 0x00000000ff400000| PB 0x00000000ff400000| Complete |  0
|2037|0x00000000ff500000, 0x00000000ff600000, 0x00000000ff600000|100%| E|CS|TAMS 0x00000000ff500000| PB 0x00000000ff500000| Complete |  0
|2038|0x00000000ff600000, 0x00000000ff700000, 0x00000000ff700000|100%| E|CS|TAMS 0x00000000ff600000| PB 0x00000000ff600000| Complete |  0
|2039|0x00000000ff700000, 0x00000000ff800000, 0x00000000ff800000|100%| E|CS|TAMS 0x00000000ff700000| PB 0x00000000ff700000| Complete |  0
|2040|0x00000000ff800000, 0x00000000ff900000, 0x00000000ff900000|100%| E|CS|TAMS 0x00000000ff800000| PB 0x00000000ff800000| Complete |  0
|2041|0x00000000ff900000, 0x00000000ffa00000, 0x00000000ffa00000|100%| E|CS|TAMS 0x00000000ff900000| PB 0x00000000ff900000| Complete |  0
|2042|0x00000000ffa00000, 0x00000000ffb00000, 0x00000000ffb00000|100%| E|CS|TAMS 0x00000000ffa00000| PB 0x00000000ffa00000| Complete |  0
|2043|0x00000000ffb00000, 0x00000000ffc00000, 0x00000000ffc00000|100%| O|  |TAMS 0x00000000ffb00000| PB 0x00000000ffb00000| Untracked |  0
|2044|0x00000000ffc00000, 0x00000000ffd00000, 0x00000000ffd00000|100%| O|  |TAMS 0x00000000ffc00000| PB 0x00000000ffc00000| Untracked |  0
|2045|0x00000000ffd00000, 0x00000000ffe00000, 0x00000000ffe00000|100%| O|  |TAMS 0x00000000ffd00000| PB 0x00000000ffd00000| Untracked |  0
|2046|0x00000000ffe00000, 0x00000000fff00000, 0x00000000fff00000|100%| O|  |TAMS 0x00000000ffe00000| PB 0x00000000ffe00000| Untracked |  0
|2047|0x00000000fff00000, 0x0000000100000000, 0x0000000100000000|100%| O|  |TAMS 0x00000000fff00000| PB 0x00000000fff00000| Untracked |  0

Card table byte_map: [0x000001ff307a0000,0x000001ff30ba0000] _byte_map_base: 0x000001ff303a0000

Marking Bits: (CMBitMap*) 0x000001ff1dac8e50
 Bits: [0x000001ff30ba0000, 0x000001ff32ba0000)

Polling page: 0x000001ff1d240000

Metaspace:
Metaspace        used 220925K, committed 222592K, reserved 1245184K
 class space     used 29727K, committed 30528K, reserved 1048576K

Usage:
  Non-class:    186.72 MB used.
      Class:     29.03 MB used.
       Both:    215.75 MB used.

Virtual space:
  Non-class space:      192.00 MB reserved,     187.56 MB ( 98%) committed,  3 nodes.
      Class space:        1.00 GB reserved,      29.81 MB (  3%) committed,  1 nodes.
             Both:        1.19 GB reserved,     217.38 MB ( 18%) committed. 

Chunk freelists:
   Non-Class:  4.42 MB
       Class:  2.30 MB
        Both:  6.73 MB

MaxMetaspaceSize: unlimited
CompressedClassSpaceSize: 1.00 GB
Initial GC threshold: 21.00 MB
Current GC threshold: 355.31 MB
CDS: off
 - commit_granule_bytes: 65536.
 - commit_granule_words: 8192.
 - virtual_space_node_default_size: 8388608.
 - enlarge_chunks_in_place: 1.
UseCompressedClassPointers 1, UseCompactObjectHeaders 0
Narrow klass pointer bits 32, Max shift 3
Narrow klass base: 0x0000000000000000, Narrow klass shift: 0
Encoding Range: [0x0000000000000000 - 0x0000000100000000), (4294967296 bytes)
Klass Range:    [0x000000000e000000 - 0x000000004e000000), (1073741824 bytes)
Klass ID Range:  [234881024 - 1308622841) (1073741817)
No protection zone.


Internal statistics:

num_allocs_failed_limit: 6.
num_arena_births: 4942.
num_arena_deaths: 2312.
num_vsnodes_births: 4.
num_vsnodes_deaths: 0.
num_space_committed: 3475.
num_space_uncommitted: 0.
num_chunks_returned_to_freelist: 2521.
num_chunks_taken_from_freelist: 14314.
num_chunk_merges: 927.
num_chunk_splits: 9605.
num_chunks_enlarged: 7123.
num_inconsistent_stats: 0.

CodeHeap 'non-profiled nmethods': size=120064Kb used=11518Kb max_used=11518Kb free=108545Kb
 bounds [0x000001ff28a20000, 0x000001ff29560000, 0x000001ff2ff60000]
CodeHeap 'profiled nmethods': size=120000Kb used=34801Kb max_used=34801Kb free=85198Kb
 bounds [0x000001ff20f60000, 0x000001ff23160000, 0x000001ff28490000]
CodeHeap 'non-nmethods': size=5696Kb used=2797Kb max_used=2912Kb free=2898Kb
 bounds [0x000001ff28490000, 0x000001ff28790000, 0x000001ff28a20000]
CodeCache: size=245760Kb, used=49116Kb, max_used=49231Kb, free=196641Kb
 total_blobs=22570, nmethods=21281, adapters=1190, full_count=0
Compilation: enabled, stopped_count=0, restarted_count=0

Compilation events (20 events):
Event: 4876.681 Thread 0x000001ff3568d5e0 nmethod 25292 0x000001ff2955b808 code [0x000001ff2955b900, 0x000001ff2955bb28]
Event: 4876.681 Thread 0x000001ff35698ee0 25290       3       com.android.tools.r8.internal.dv::a (459 bytes)
Event: 4876.681 Thread 0x000001ff3568d5e0 25294       4       com.android.tools.r8.graph.m6::a (49 bytes)
Event: 4876.686 Thread 0x000001ff35698ee0 nmethod 25290 0x000001ff2314e988 code [0x000001ff2314ea80, 0x000001ff23151440]
Event: 4876.686 Thread 0x000001ff35698ee0 25288       3       com.android.tools.r8.graph.g8$e::o (4 bytes)
Event: 4876.686 Thread 0x000001ff35698ee0 nmethod 25288 0x000001ff2226fc08 code [0x000001ff2226fd00, 0x000001ff2226fdf0]
Event: 4876.686 Thread 0x000001ff35698ee0 25282       3       com.android.tools.r8.graph.h3$a::<init> (67 bytes)
Event: 4876.687 Thread 0x000001ff35698ee0 nmethod 25282 0x000001ff228dff08 code [0x000001ff228e0000, 0x000001ff228e0630]
Event: 4876.687 Thread 0x000001ff35698ee0 25287       3       com.android.tools.r8.graph.m9::a (51 bytes)
Event: 4876.688 Thread 0x000001ff35698ee0 nmethod 25287 0x000001ff21a1f388 code [0x000001ff21a1f480, 0x000001ff21a1fb28]
Event: 4876.688 Thread 0x000001ff35698ee0 25286       3       com.android.tools.r8.graph.h3::a (33 bytes)
Event: 4876.688 Thread 0x000001ff35698ee0 nmethod 25286 0x000001ff222fcb08 code [0x000001ff222fcc00, 0x000001ff222fcd68]
Event: 4876.688 Thread 0x000001ff35698ee0 25280       3       com.android.tools.r8.internal.bv0::a (24 bytes)
Event: 4876.688 Thread 0x000001ff35698ee0 nmethod 25280 0x000001ff22751188 code [0x000001ff22751280, 0x000001ff227515b0]
Event: 4876.688 Thread 0x000001ff35698ee0 25285       3       com.android.tools.r8.graph.h3::a (27 bytes)
Event: 4876.688 Thread 0x000001ff35698ee0 nmethod 25285 0x000001ff22349288 code [0x000001ff22349380, 0x000001ff223494e8]
Event: 4876.688 Thread 0x000001ff35698ee0 25281       3       com.android.tools.r8.graph.n9::a (284 bytes)
Event: 4876.690 Thread 0x000001ff35698ee0 nmethod 25281 0x000001ff23151488 code [0x000001ff23151580, 0x000001ff23153128]
Event: 4876.690 Thread 0x000001ff35698ee0 25296   !   3       java.util.concurrent.ConcurrentHashMap::transfer (849 bytes)
Event: 4877.690 Thread 0x000001ff35698ee0 nmethod 25296 0x000001ff23153188 code [0x000001ff23153280, 0x000001ff231557d0]

GC Heap Usage History (20 events):
Event: 71.369 {heap Before GC invocations=60 (full 0):
 garbage-first heap   total reserved 2097152K, committed 357376K, used 314756K [0x0000000080000000, 0x0000000100000000)
  region size 1024K, 99 young (101376K), 6 survivors (6144K)
}
Event: 71.392 {heap After GC invocations=61 (full 0):
 garbage-first heap   total reserved 2097152K, committed 357376K, used 219083K [0x0000000080000000, 0x0000000100000000)
  region size 1024K, 13 young (13312K), 13 survivors (13312K)
}
Event: 72.700 {heap Before GC invocations=61 (full 0):
 garbage-first heap   total reserved 2097152K, committed 357376K, used 315339K [0x0000000080000000, 0x0000000100000000)
  region size 1024K, 107 young (109568K), 13 survivors (13312K)
}
Event: 72.717 {heap After GC invocations=62 (full 0):
 garbage-first heap   total reserved 2097152K, committed 357376K, used 228751K [0x0000000080000000, 0x0000000100000000)
  region size 1024K, 9 young (9216K), 9 survivors (9216K)
}
Event: 74.087 {heap Before GC invocations=63 (full 0):
 garbage-first heap   total reserved 2097152K, committed 357376K, used 283023K [0x0000000080000000, 0x0000000100000000)
  region size 1024K, 99 young (101376K), 9 survivors (9216K)
}
Event: 74.098 {heap After GC invocations=64 (full 0):
 garbage-first heap   total reserved 2097152K, committed 357376K, used 195188K [0x0000000080000000, 0x0000000100000000)
  region size 1024K, 6 young (6144K), 6 survivors (6144K)
}
Event: 75.368 {heap Before GC invocations=64 (full 0):
 garbage-first heap   total reserved 2097152K, committed 357376K, used 314996K [0x0000000080000000, 0x0000000100000000)
  region size 1024K, 121 young (123904K), 6 survivors (6144K)
}
Event: 75.385 {heap After GC invocations=65 (full 0):
 garbage-first heap   total reserved 2097152K, committed 357376K, used 173037K [0x0000000080000000, 0x0000000100000000)
  region size 1024K, 11 young (11264K), 11 survivors (11264K)
}
Event: 76.143 {heap Before GC invocations=65 (full 0):
 garbage-first heap   total reserved 2097152K, committed 357376K, used 309229K [0x0000000080000000, 0x0000000100000000)
  region size 1024K, 145 young (148480K), 11 survivors (11264K)
}
Event: 76.154 {heap After GC invocations=66 (full 0):
 garbage-first heap   total reserved 2097152K, committed 357376K, used 170776K [0x0000000080000000, 0x0000000100000000)
  region size 1024K, 11 young (11264K), 11 survivors (11264K)
}
Event: 78.673 {heap Before GC invocations=66 (full 0):
 garbage-first heap   total reserved 2097152K, committed 357376K, used 325400K [0x0000000080000000, 0x0000000100000000)
  region size 1024K, 163 young (166912K), 11 survivors (11264K)
}
Event: 78.697 {heap After GC invocations=67 (full 0):
 garbage-first heap   total reserved 2097152K, committed 357376K, used 182480K [0x0000000080000000, 0x0000000100000000)
  region size 1024K, 21 young (21504K), 21 survivors (21504K)
}
Event: 3225.112 {heap Before GC invocations=68 (full 0):
 garbage-first heap   total reserved 2097152K, committed 357376K, used 323792K [0x0000000080000000, 0x0000000100000000)
  region size 1024K, 160 young (163840K), 21 survivors (21504K)
}
Event: 3225.144 {heap After GC invocations=69 (full 0):
 garbage-first heap   total reserved 2097152K, committed 357376K, used 186996K [0x0000000080000000, 0x0000000100000000)
  region size 1024K, 4 young (4096K), 4 survivors (4096K)
}
Event: 4867.972 {heap Before GC invocations=69 (full 0):
 garbage-first heap   total reserved 2097152K, committed 357376K, used 329332K [0x0000000080000000, 0x0000000100000000)
  region size 1024K, 144 young (147456K), 4 survivors (4096K)
}
Event: 4867.987 {heap After GC invocations=70 (full 0):
 garbage-first heap   total reserved 2097152K, committed 357376K, used 190374K [0x0000000080000000, 0x0000000100000000)
  region size 1024K, 10 young (10240K), 10 survivors (10240K)
}
Event: 4871.422 {heap Before GC invocations=70 (full 0):
 garbage-first heap   total reserved 2097152K, committed 357376K, used 329638K [0x0000000080000000, 0x0000000100000000)
  region size 1024K, 147 young (150528K), 10 survivors (10240K)
}
Event: 4871.461 {heap After GC invocations=71 (full 0):
 garbage-first heap   total reserved 2097152K, committed 361472K, used 210239K [0x0000000080000000, 0x0000000100000000)
  region size 1024K, 19 young (19456K), 19 survivors (19456K)
}
Event: 4874.359 {heap Before GC invocations=72 (full 0):
 garbage-first heap   total reserved 2097152K, committed 361472K, used 329023K [0x0000000080000000, 0x0000000100000000)
  region size 1024K, 134 young (137216K), 19 survivors (19456K)
}
Event: 4874.423 {heap After GC invocations=73 (full 0):
 garbage-first heap   total reserved 2097152K, committed 361472K, used 220788K [0x0000000080000000, 0x0000000100000000)
  region size 1024K, 8 young (8192K), 8 survivors (8192K)
}

Metaspace Usage History (20 events):
Event: 71.369 {metaspace Before GC invocations=60 (full 0):
 Metaspace       used 178401K, committed 180672K, reserved 1245184K
  class space    used 24514K, committed 25600K, reserved 1048576K
}
Event: 71.392 {metaspace After GC invocations=61 (full 0):
 Metaspace       used 178401K, committed 180672K, reserved 1245184K
  class space    used 24514K, committed 25600K, reserved 1048576K
}
Event: 72.700 {metaspace Before GC invocations=61 (full 0):
 Metaspace       used 178402K, committed 180672K, reserved 1245184K
  class space    used 24514K, committed 25600K, reserved 1048576K
}
Event: 72.717 {metaspace After GC invocations=62 (full 0):
 Metaspace       used 178402K, committed 180672K, reserved 1245184K
  class space    used 24514K, committed 25600K, reserved 1048576K
}
Event: 74.087 {metaspace Before GC invocations=63 (full 0):
 Metaspace       used 183799K, committed 186048K, reserved 1245184K
  class space    used 25172K, committed 26240K, reserved 1048576K
}
Event: 74.098 {metaspace After GC invocations=64 (full 0):
 Metaspace       used 183799K, committed 186048K, reserved 1245184K
  class space    used 25172K, committed 26240K, reserved 1048576K
}
Event: 75.368 {metaspace Before GC invocations=64 (full 0):
 Metaspace       used 190027K, committed 192320K, reserved 1245184K
  class space    used 26099K, committed 27200K, reserved 1048576K
}
Event: 75.385 {metaspace After GC invocations=65 (full 0):
 Metaspace       used 190027K, committed 192320K, reserved 1245184K
  class space    used 26099K, committed 27200K, reserved 1048576K
}
Event: 76.143 {metaspace Before GC invocations=65 (full 0):
 Metaspace       used 192718K, committed 195008K, reserved 1245184K
  class space    used 26407K, committed 27456K, reserved 1048576K
}
Event: 76.154 {metaspace After GC invocations=66 (full 0):
 Metaspace       used 192718K, committed 195008K, reserved 1245184K
  class space    used 26407K, committed 27456K, reserved 1048576K
}
Event: 78.673 {metaspace Before GC invocations=66 (full 0):
 Metaspace       used 197674K, committed 200000K, reserved 1245184K
  class space    used 26962K, committed 28032K, reserved 1048576K
}
Event: 78.697 {metaspace After GC invocations=67 (full 0):
 Metaspace       used 197674K, committed 200000K, reserved 1245184K
  class space    used 26962K, committed 28032K, reserved 1048576K
}
Event: 3225.112 {metaspace Before GC invocations=68 (full 0):
 Metaspace       used 206310K, committed 208640K, reserved 1245184K
  class space    used 27824K, committed 28928K, reserved 1048576K
}
Event: 3225.144 {metaspace After GC invocations=69 (full 0):
 Metaspace       used 206310K, committed 208640K, reserved 1245184K
  class space    used 27824K, committed 28928K, reserved 1048576K
}
Event: 4867.972 {metaspace Before GC invocations=69 (full 0):
 Metaspace       used 211357K, committed 213888K, reserved 1245184K
  class space    used 28456K, committed 29632K, reserved 1048576K
}
Event: 4867.987 {metaspace After GC invocations=70 (full 0):
 Metaspace       used 211357K, committed 213888K, reserved 1245184K
  class space    used 28456K, committed 29632K, reserved 1048576K
}
Event: 4871.422 {metaspace Before GC invocations=70 (full 0):
 Metaspace       used 215545K, committed 218176K, reserved 1245184K
  class space    used 28993K, committed 30208K, reserved 1048576K
}
Event: 4871.461 {metaspace After GC invocations=71 (full 0):
 Metaspace       used 215545K, committed 218176K, reserved 1245184K
  class space    used 28993K, committed 30208K, reserved 1048576K
}
Event: 4874.359 {metaspace Before GC invocations=72 (full 0):
 Metaspace       used 216827K, committed 219136K, reserved 1245184K
  class space    used 29040K, committed 30208K, reserved 1048576K
}
Event: 4874.423 {metaspace After GC invocations=73 (full 0):
 Metaspace       used 216827K, committed 219136K, reserved 1245184K
  class space    used 29040K, committed 30208K, reserved 1048576K
}

Dll operation events (3 events):
Event: 0.017 Loaded shared library D:\College\Semester 3\P3B\Android Studio\jbr\bin\java.dll
Event: 0.023 Loaded shared library D:\College\Semester 3\P3B\Android Studio\jbr\bin\zip.dll
Event: 1.020 Loaded shared library D:\College\Semester 3\P3B\Android Studio\jbr\bin\verify.dll

Deoptimization events (20 events):
Event: 4876.987 Thread 0x000001ff56942ae0 Uncommon trap: trap_request=0xffffffc6 fr.pc=0x000001ff29358f10 relative=0x0000000000000e90
Event: 4876.987 Thread 0x000001ff56942ae0 Uncommon trap: reason=bimorphic_or_optimized_type_check action=maybe_recompile pc=0x000001ff29358f10 method=org.gradle.internal.snapshot.DirectorySnapshot.accept(Lorg/gradle/internal/snapshot/FileSystemSnapshotHierarchyVisitor;)Lorg/gradle/internal/snapsh
Event: 4876.987 Thread 0x000001ff56942ae0 DEOPT PACKING pc=0x000001ff29358f10 sp=0x000000baa90fe270
Event: 4876.987 Thread 0x000001ff56942ae0 DEOPT UNPACKING pc=0x000001ff28522582 sp=0x000000baa90fe160 mode 2
Event: 4876.987 Thread 0x000001ff56942ae0 Uncommon trap: trap_request=0xffffffc6 fr.pc=0x000001ff29358f10 relative=0x0000000000000e90
Event: 4876.987 Thread 0x000001ff56942ae0 Uncommon trap: reason=bimorphic_or_optimized_type_check action=maybe_recompile pc=0x000001ff29358f10 method=org.gradle.internal.snapshot.DirectorySnapshot.accept(Lorg/gradle/internal/snapshot/FileSystemSnapshotHierarchyVisitor;)Lorg/gradle/internal/snapsh
Event: 4876.987 Thread 0x000001ff56942ae0 DEOPT PACKING pc=0x000001ff29358f10 sp=0x000000baa90fe270
Event: 4876.987 Thread 0x000001ff56942ae0 DEOPT UNPACKING pc=0x000001ff28522582 sp=0x000000baa90fe160 mode 2
Event: 4876.987 Thread 0x000001ff56942ae0 Uncommon trap: trap_request=0xffffffc6 fr.pc=0x000001ff29358f10 relative=0x0000000000000e90
Event: 4876.987 Thread 0x000001ff56942ae0 Uncommon trap: reason=bimorphic_or_optimized_type_check action=maybe_recompile pc=0x000001ff29358f10 method=org.gradle.internal.snapshot.DirectorySnapshot.accept(Lorg/gradle/internal/snapshot/FileSystemSnapshotHierarchyVisitor;)Lorg/gradle/internal/snapsh
Event: 4876.987 Thread 0x000001ff56942ae0 DEOPT PACKING pc=0x000001ff29358f10 sp=0x000000baa90fe490
Event: 4876.987 Thread 0x000001ff56942ae0 DEOPT UNPACKING pc=0x000001ff28522582 sp=0x000000baa90fe380 mode 2
Event: 4876.987 Thread 0x000001ff56942ae0 Uncommon trap: trap_request=0xffffffc6 fr.pc=0x000001ff2935a574 relative=0x0000000000000df4
Event: 4876.987 Thread 0x000001ff56942ae0 Uncommon trap: reason=bimorphic_or_optimized_type_check action=maybe_recompile pc=0x000001ff2935a574 method=org.gradle.internal.snapshot.DirectorySnapshot.accept(Lorg/gradle/internal/snapshot/FileSystemSnapshotHierarchyVisitor;)Lorg/gradle/internal/snapsh
Event: 4876.987 Thread 0x000001ff56942ae0 DEOPT PACKING pc=0x000001ff2935a574 sp=0x000000baa90fe410
Event: 4876.987 Thread 0x000001ff56942ae0 DEOPT UNPACKING pc=0x000001ff28522582 sp=0x000000baa90fe378 mode 2
Event: 4877.051 Thread 0x000001ff5693f430 Uncommon trap: trap_request=0xffffff4c fr.pc=0x000001ff29035ee8 relative=0x0000000000000268
Event: 4877.051 Thread 0x000001ff5693f430 Uncommon trap: reason=speculate_null_assert action=make_not_entrant pc=0x000001ff29035ee8 method=com.google.common.collect.ImmutableMultimap$Builder.put(Ljava/lang/Object;Ljava/lang/Object;)Lcom/google/common/collect/ImmutableMultimap$Builder; @ 20 c2
Event: 4877.051 Thread 0x000001ff5693f430 DEOPT PACKING pc=0x000001ff29035ee8 sp=0x000000baa89fcdf0
Event: 4877.052 Thread 0x000001ff5693f430 DEOPT UNPACKING pc=0x000001ff28522582 sp=0x000000baa89fcdd0 mode 2

Classes loaded (20 events):
Event: 4874.919 Loading class com/sun/org/apache/xerces/internal/dom/DOMImplementationImpl
Event: 4874.920 Loading class org/w3c/dom/DOMImplementation
Event: 4874.920 Loading class org/w3c/dom/DOMImplementation done
Event: 4874.920 Loading class com/sun/org/apache/xerces/internal/dom/CoreDOMImplementationImpl
Event: 4874.920 Loading class org/w3c/dom/ls/DOMImplementationLS
Event: 4874.921 Loading class org/w3c/dom/ls/DOMImplementationLS done
Event: 4874.921 Loading class com/sun/org/apache/xerces/internal/dom/CoreDOMImplementationImpl done
Event: 4874.921 Loading class com/sun/org/apache/xerces/internal/dom/DOMImplementationImpl done
Event: 4874.921 Loading class com/sun/org/apache/xerces/internal/dom/DeferredDOMImplementationImpl
Event: 4874.921 Loading class com/sun/org/apache/xerces/internal/dom/DeferredDOMImplementationImpl done
Event: 4875.283 Loading class java/util/stream/IntPipeline$1
Event: 4875.284 Loading class java/util/stream/IntPipeline$1 done
Event: 4875.286 Loading class java/util/stream/IntPipeline$1$1
Event: 4875.287 Loading class java/util/stream/Sink$ChainedInt
Event: 4875.287 Loading class java/util/stream/Sink$ChainedInt done
Event: 4875.287 Loading class java/util/stream/IntPipeline$1$1 done
Event: 4876.210 Loading class java/util/concurrent/ForkJoinTask$AdaptedInterruptibleCallable
Event: 4876.211 Loading class java/util/concurrent/ForkJoinTask$InterruptibleTask
Event: 4876.211 Loading class java/util/concurrent/ForkJoinTask$InterruptibleTask done
Event: 4876.211 Loading class java/util/concurrent/ForkJoinTask$AdaptedInterruptibleCallable done

Classes unloaded (20 events):
Event: 4871.874 Thread 0x000001ff35636620 Unloading class 0x000000000e1e4c00 'java/lang/invoke/LambdaForm$MH+0x000000000e1e4c00'
Event: 4871.874 Thread 0x000001ff35636620 Unloading class 0x000000000e1e4800 'java/lang/invoke/LambdaForm$MH+0x000000000e1e4800'
Event: 4871.874 Thread 0x000001ff35636620 Unloading class 0x000000000e1e4400 'java/lang/invoke/LambdaForm$MH+0x000000000e1e4400'
Event: 4871.874 Thread 0x000001ff35636620 Unloading class 0x000000000e1de800 'java/lang/invoke/LambdaForm$MH+0x000000000e1de800'
Event: 4871.874 Thread 0x000001ff35636620 Unloading class 0x000000000e1de400 'java/lang/invoke/LambdaForm$MH+0x000000000e1de400'
Event: 4871.874 Thread 0x000001ff35636620 Unloading class 0x000000000e1de000 'java/lang/invoke/LambdaForm$MH+0x000000000e1de000'
Event: 4871.874 Thread 0x000001ff35636620 Unloading class 0x000000000e1dd800 'java/lang/invoke/LambdaForm$MH+0x000000000e1dd800'
Event: 4871.874 Thread 0x000001ff35636620 Unloading class 0x000000000e1dd400 'java/lang/invoke/LambdaForm$MH+0x000000000e1dd400'
Event: 4871.874 Thread 0x000001ff35636620 Unloading class 0x000000000e1d1400 'java/lang/invoke/LambdaForm$MH+0x000000000e1d1400'
Event: 4871.874 Thread 0x000001ff35636620 Unloading class 0x000000000e1d1000 'java/lang/invoke/LambdaForm$MH+0x000000000e1d1000'
Event: 4871.874 Thread 0x000001ff35636620 Unloading class 0x000000000e1d0c00 'java/lang/invoke/LambdaForm$BMH+0x000000000e1d0c00'
Event: 4871.874 Thread 0x000001ff35636620 Unloading class 0x000000000e1a5000 'java/lang/invoke/LambdaForm$MH+0x000000000e1a5000'
Event: 4871.874 Thread 0x000001ff35636620 Unloading class 0x000000000e1a4c00 'java/lang/invoke/LambdaForm$MH+0x000000000e1a4c00'
Event: 4871.874 Thread 0x000001ff35636620 Unloading class 0x000000000e1a4800 'java/lang/invoke/LambdaForm$MH+0x000000000e1a4800'
Event: 4871.874 Thread 0x000001ff35636620 Unloading class 0x000000000e189000 'java/lang/invoke/LambdaForm$MH+0x000000000e189000'
Event: 4871.874 Thread 0x000001ff35636620 Unloading class 0x000000000e121000 'java/lang/invoke/LambdaForm$MH+0x000000000e121000'
Event: 4871.874 Thread 0x000001ff35636620 Unloading class 0x000000000e120c00 'java/lang/invoke/LambdaForm$MH+0x000000000e120c00'
Event: 4871.874 Thread 0x000001ff35636620 Unloading class 0x000000000e120000 'java/lang/invoke/LambdaForm$MH+0x000000000e120000'
Event: 4871.874 Thread 0x000001ff35636620 Unloading class 0x000000000e081c00 'java/lang/invoke/LambdaForm$MH+0x000000000e081c00'
Event: 4871.874 Thread 0x000001ff35636620 Unloading class 0x000000000e081800 'java/lang/invoke/LambdaForm$MH+0x000000000e081800'

Classes redefined (0 events):
No events

Internal exceptions (20 events):
Event: 4876.704 Thread 0x000001ff5693f430 Exception <a 'sun/nio/fs/WindowsException'{0x000000008f817678}> (0x000000008f817678) 
thrown [s\src\hotspot\share\prims\jni.cpp, line 535]
Event: 4876.724 Thread 0x000001ff569451f0 Exception <a 'sun/nio/fs/WindowsException'{0x000000008f893c18}> (0x000000008f893c18) 
thrown [s\src\hotspot\share\prims\jni.cpp, line 535]
Event: 4876.738 Thread 0x000001ff5693f430 Exception <a 'sun/nio/fs/WindowsException'{0x000000008f8bb748}> (0x000000008f8bb748) 
thrown [s\src\hotspot\share\prims\jni.cpp, line 535]
Event: 4876.760 Thread 0x000001ff569451f0 Exception <a 'sun/nio/fs/WindowsException'{0x000000008f711868}> (0x000000008f711868) 
thrown [s\src\hotspot\share\prims\jni.cpp, line 535]
Event: 4876.765 Thread 0x000001ff56941370 Exception <a 'sun/nio/fs/WindowsException'{0x000000008f72bc38}> (0x000000008f72bc38) 
thrown [s\src\hotspot\share\prims\jni.cpp, line 535]
Event: 4876.811 Thread 0x000001ff569451f0 Exception <a 'sun/nio/fs/WindowsException'{0x000000008f7b61f0}> (0x000000008f7b61f0) 
thrown [s\src\hotspot\share\prims\jni.cpp, line 535]
Event: 4876.859 Thread 0x000001ff56941370 Exception <a 'sun/nio/fs/WindowsException'{0x000000008f7eee38}> (0x000000008f7eee38) 
thrown [s\src\hotspot\share\prims\jni.cpp, line 535]
Event: 4876.895 Thread 0x000001ff569451f0 Exception <a 'sun/nio/fs/WindowsException'{0x000000008f62ce30}> (0x000000008f62ce30) 
thrown [s\src\hotspot\share\prims\jni.cpp, line 535]
Event: 4876.963 Thread 0x000001ff56941370 Exception <a 'sun/nio/fs/WindowsException'{0x000000008f508f00}> (0x000000008f508f00) 
thrown [s\src\hotspot\share\prims\jni.cpp, line 535]
Event: 4876.965 Thread 0x000001ff569451f0 Exception <a 'sun/nio/fs/WindowsException'{0x000000008f520538}> (0x000000008f520538) 
thrown [s\src\hotspot\share\prims\jni.cpp, line 535]
Event: 4876.992 Thread 0x000001ff5693ec60 Exception <a 'sun/nio/fs/WindowsException'{0x000000008f68c328}> (0x000000008f68c328) 
thrown [s\src\hotspot\share\prims\jni.cpp, line 535]
Event: 4876.992 Thread 0x000001ff5693ec60 Exception <a 'sun/nio/fs/WindowsException'{0x000000008f68d238}> (0x000000008f68d238) 
thrown [s\src\hotspot\share\prims\jni.cpp, line 535]
Event: 4877.001 Thread 0x000001ff5693f430 Exception <a 'sun/nio/fs/WindowsException'{0x000000008f487058}> (0x000000008f487058) 
thrown [s\src\hotspot\share\prims\jni.cpp, line 535]
Event: 4877.006 Thread 0x000001ff5693fc00 Exception <a 'sun/nio/fs/WindowsException'{0x000000008f477570}> (0x000000008f477570) 
thrown [s\src\hotspot\share\prims\jni.cpp, line 535]
Event: 4877.042 Thread 0x000001ff3e3c7e40 Exception <a 'sun/nio/fs/WindowsException'{0x000000008f4fa830}> (0x000000008f4fa830) 
thrown [s\src\hotspot\share\prims\jni.cpp, line 535]
Event: 4877.043 Thread 0x000001ff569451f0 Exception <a 'sun/nio/fs/WindowsException'{0x000000008f302590}> (0x000000008f302590) 
thrown [s\src\hotspot\share\prims\jni.cpp, line 535]
Event: 4877.045 Thread 0x000001ff56942310 Exception <a 'sun/nio/fs/WindowsException'{0x000000008f4e58f0}> (0x000000008f4e58f0) 
thrown [s\src\hotspot\share\prims\jni.cpp, line 535]
Event: 4877.089 Thread 0x000001ff5693fc00 Exception <a 'sun/nio/fs/WindowsException'{0x000000008f3af938}> (0x000000008f3af938) 
thrown [s\src\hotspot\share\prims\jni.cpp, line 535]
Event: 4877.102 Thread 0x000001ff569451f0 Exception <a 'sun/nio/fs/WindowsException'{0x000000008f211978}> (0x000000008f211978) 
thrown [s\src\hotspot\share\prims\jni.cpp, line 535]
Event: 4877.131 Thread 0x000001ff3e3c7e40 Exception <a 'sun/nio/fs/WindowsException'{0x000000008f250ce8}> (0x000000008f250ce8) 
thrown [s\src\hotspot\share\prims\jni.cpp, line 535]

VM Operations (20 events):
Event: 4873.114 Executing non-safepoint VM operation: HandshakeAllThreads (Deoptimize)
Event: 4873.115 Executing non-safepoint VM operation: HandshakeAllThreads (Deoptimize) done
Event: 4873.122 Executing non-safepoint VM operation: HandshakeAllThreads (Deoptimize)
Event: 4873.122 Executing non-safepoint VM operation: HandshakeAllThreads (Deoptimize) done
Event: 4873.132 Executing non-safepoint VM operation: HandshakeAllThreads (Deoptimize)
Event: 4873.135 Executing non-safepoint VM operation: HandshakeAllThreads (Deoptimize) done
Event: 4873.276 Executing non-safepoint VM operation: HandshakeAllThreads (Deoptimize)
Event: 4873.276 Executing non-safepoint VM operation: HandshakeAllThreads (Deoptimize) done
Event: 4873.282 Executing non-safepoint VM operation: HandshakeAllThreads (Deoptimize)
Event: 4873.283 Executing non-safepoint VM operation: HandshakeAllThreads (Deoptimize) done
Event: 4873.294 Executing non-safepoint VM operation: HandshakeAllThreads (Deoptimize)
Event: 4873.316 Executing non-safepoint VM operation: HandshakeAllThreads (Deoptimize) done
Event: 4873.369 Executing non-safepoint VM operation: HandshakeAllThreads (Deoptimize)
Event: 4873.370 Executing non-safepoint VM operation: HandshakeAllThreads (Deoptimize) done
Event: 4874.359 Executing safepoint VM operation: G1CollectForAllocation (G1 Evacuation Pause)
Event: 4874.424 Executing safepoint VM operation: G1CollectForAllocation (G1 Evacuation Pause) done
Event: 4874.825 Executing non-safepoint VM operation: HandshakeAllThreads (Deoptimize)
Event: 4874.825 Executing non-safepoint VM operation: HandshakeAllThreads (Deoptimize) done
Event: 4875.493 Executing non-safepoint VM operation: HandshakeAllThreads (Deoptimize)
Event: 4875.494 Executing non-safepoint VM operation: HandshakeAllThreads (Deoptimize) done

Memory protections (0 events):
No events

Nmethod flushes (20 events):
Event: 4872.043 Thread 0x000001ff35636620 flushing  nmethod 0x000001ff21f90808
Event: 4872.043 Thread 0x000001ff35636620 flushing  nmethod 0x000001ff21fc8208
Event: 4872.043 Thread 0x000001ff35636620 flushing  nmethod 0x000001ff21fc8508
Event: 4872.043 Thread 0x000001ff35636620 flushing  nmethod 0x000001ff21fe9988
Event: 4872.043 Thread 0x000001ff35636620 flushing  nmethod 0x000001ff22096888
Event: 4872.043 Thread 0x000001ff35636620 flushing  nmethod 0x000001ff220a1488
Event: 4872.043 Thread 0x000001ff35636620 flushing  nmethod 0x000001ff220bf088
Event: 4872.043 Thread 0x000001ff35636620 flushing  nmethod 0x000001ff220c0a88
Event: 4872.043 Thread 0x000001ff35636620 flushing  nmethod 0x000001ff2212e488
Event: 4872.043 Thread 0x000001ff35636620 flushing  nmethod 0x000001ff2284f388
Event: 4872.043 Thread 0x000001ff35636620 flushing  nmethod 0x000001ff2299e588
Event: 4872.043 Thread 0x000001ff35636620 flushing  nmethod 0x000001ff22a5d808
Event: 4872.043 Thread 0x000001ff35636620 flushing  nmethod 0x000001ff22a98688
Event: 4872.043 Thread 0x000001ff35636620 flushing  nmethod 0x000001ff22bc2208
Event: 4872.043 Thread 0x000001ff35636620 flushing  nmethod 0x000001ff22bc3008
Event: 4872.043 Thread 0x000001ff35636620 flushing  nmethod 0x000001ff22bc4c08
Event: 4872.043 Thread 0x000001ff35636620 flushing  nmethod 0x000001ff22bc6408
Event: 4872.043 Thread 0x000001ff35636620 flushing  nmethod 0x000001ff22bc7c88
Event: 4872.043 Thread 0x000001ff35636620 flushing  nmethod 0x000001ff22bc8f88
Event: 4872.043 Thread 0x000001ff35636620 flushing  nmethod 0x000001ff22bcc708

Events (20 events):
Event: 4873.001 Thread 0x000001ff5693ec60 Thread added: 0x000001ff56941370
Event: 4873.001 Thread 0x000001ff5693ec60 Thread added: 0x000001ff56942310
Event: 4873.002 Thread 0x000001ff5693ec60 Thread added: 0x000001ff56944250
Event: 4873.002 Thread 0x000001ff5693ec60 Thread added: 0x000001ff569451f0
Event: 4873.004 Thread 0x000001ff5693fc00 Thread added: 0x000001ff56942ae0
Event: 4873.141 Thread 0x000001ff35698ee0 Thread added: 0x000001ff5738f000
Event: 4873.286 Thread 0x000001ff56944250 Thread added: 0x000001ff56947130
Event: 4874.708 Thread 0x000001ff5738f000 Thread exited: 0x000001ff5738f000
Event: 4874.839 Thread 0x000001ff54d74200 Thread exited: 0x000001ff54d74200
Event: 4875.031 Thread 0x000001ff35698ee0 Thread added: 0x000001ff3afb4000
Event: 4875.288 Thread 0x000001ff3afb4000 Thread exited: 0x000001ff3afb4000
Event: 4876.213 Thread 0x000001ff5693dcc0 Thread added: 0x000001ff56946960
Event: 4876.216 Thread 0x000001ff5693dcc0 Thread added: 0x000001ff570cf0e0
Event: 4876.216 Thread 0x000001ff5693dcc0 Thread added: 0x000001ff570cf8b0
Event: 4876.226 Thread 0x000001ff570cf8b0 Thread added: 0x000001ff570d1fc0
Event: 4876.230 Thread 0x000001ff570d1fc0 Thread added: 0x000001ff570d17f0
Event: 4876.231 Thread 0x000001ff570cf0e0 Thread added: 0x000001ff570ce910
Event: 4876.256 Thread 0x000001ff570d17f0 Thread added: 0x000001ff570d2f60
Event: 4876.257 Thread 0x000001ff570ce910 Thread added: 0x000001ff570d3730
Event: 4876.453 Thread 0x000001ff35698ee0 Thread added: 0x000001ff5738d7d0


Dynamic libraries:
0x00007ff6f09b0000 - 0x00007ff6f09ba000 	D:\College\Semester 3\P3B\Android Studio\jbr\bin\java.exe
0x00007ff86b6c0000 - 0x00007ff86b926000 	C:\WINDOWS\SYSTEM32\ntdll.dll
0x00007ff8693f0000 - 0x00007ff8694b9000 	C:\WINDOWS\System32\KERNEL32.DLL
0x00007ff868990000 - 0x00007ff868d8f000 	C:\WINDOWS\System32\KERNELBASE.dll
0x00007ff868e60000 - 0x00007ff868fac000 	C:\WINDOWS\System32\ucrtbase.dll
0x00007ff846740000 - 0x00007ff846756000 	D:\College\Semester 3\P3B\Android Studio\jbr\bin\jli.dll
0x00007ff854b40000 - 0x00007ff854b5b000 	D:\College\Semester 3\P3B\Android Studio\jbr\bin\VCRUNTIME140.dll
0x00007ff86b1a0000 - 0x00007ff86b366000 	C:\WINDOWS\System32\USER32.dll
0x00007ff868960000 - 0x00007ff868987000 	C:\WINDOWS\System32\win32u.dll
0x00007ff86a280000 - 0x00007ff86a2ab000 	C:\WINDOWS\System32\GDI32.dll
0x00007ff8692c0000 - 0x00007ff8693e9000 	C:\WINDOWS\System32\gdi32full.dll
0x00007ff84b400000 - 0x00007ff84b691000 	C:\WINDOWS\WinSxS\amd64_microsoft.windows.common-controls_6595b64144ccf1df_6.0.26100.8972_none_3e0da176e32f9d4b\COMCTL32.dll
0x00007ff868fc0000 - 0x00007ff869063000 	C:\WINDOWS\System32\msvcp_win.dll
0x00007ff86ac80000 - 0x00007ff86ad29000 	C:\WINDOWS\System32\msvcrt.dll
0x00007ff86b640000 - 0x00007ff86b672000 	C:\WINDOWS\System32\IMM32.DLL
0x00007ff862a60000 - 0x00007ff862a6c000 	D:\College\Semester 3\P3B\Android Studio\jbr\bin\vcruntime140_1.dll
0x00007ffffdb90000 - 0x00007ffffdc1d000 	D:\College\Semester 3\P3B\Android Studio\jbr\bin\msvcp140.dll
0x00007fffcc600000 - 0x00007fffcd4da000 	D:\College\Semester 3\P3B\Android Studio\jbr\bin\server\jvm.dll
0x00007ff86b440000 - 0x00007ff86b4fc000 	C:\WINDOWS\System32\ADVAPI32.dll
0x00007ff86a520000 - 0x00007ff86a5ca000 	C:\WINDOWS\System32\sechost.dll
0x00007ff86aa60000 - 0x00007ff86ab78000 	C:\WINDOWS\System32\RPCRT4.dll
0x00007ff8697e0000 - 0x00007ff869862000 	C:\WINDOWS\System32\WS2_32.dll
0x00007ff868720000 - 0x00007ff86877e000 	C:\WINDOWS\SYSTEM32\POWRPROF.dll
0x00007ff85d2b0000 - 0x00007ff85d2e6000 	C:\WINDOWS\SYSTEM32\WINMM.dll
0x00007ff85d0c0000 - 0x00007ff85d0cb000 	C:\WINDOWS\SYSTEM32\VERSION.dll
0x00007ff868700000 - 0x00007ff868715000 	C:\WINDOWS\SYSTEM32\UMPDC.dll
0x00007ff8675c0000 - 0x00007ff8675db000 	C:\WINDOWS\SYSTEM32\kernel.appcore.dll
0x00007ff8555a0000 - 0x00007ff8555aa000 	D:\College\Semester 3\P3B\Android Studio\jbr\bin\jimage.dll
0x00007ff865e80000 - 0x00007ff8660c2000 	C:\WINDOWS\SYSTEM32\DBGHELP.DLL
0x00007ff86ae10000 - 0x00007ff86b195000 	C:\WINDOWS\System32\combase.dll
0x00007ff86ab80000 - 0x00007ff86ac59000 	C:\WINDOWS\System32\OLEAUT32.dll
0x00007ff84bdb0000 - 0x00007ff84bdeb000 	C:\WINDOWS\SYSTEM32\dbgcore.DLL
0x00007ff869070000 - 0x00007ff86911c000 	C:\WINDOWS\System32\bcryptPrimitives.dll
0x00007ff84c2e0000 - 0x00007ff84c2ee000 	D:\College\Semester 3\P3B\Android Studio\jbr\bin\instrument.dll
0x00007ff84d870000 - 0x00007ff84d88f000 	D:\College\Semester 3\P3B\Android Studio\jbr\bin\java.dll
0x00007ff869540000 - 0x00007ff8696d9000 	C:\WINDOWS\System32\ole32.dll
0x00007ff869980000 - 0x00007ff86a108000 	C:\WINDOWS\System32\SHELL32.dll
0x00007ff84d7b0000 - 0x00007ff84d7c7000 	D:\College\Semester 3\P3B\Android Studio\jbr\bin\zip.dll
0x00007ff866350000 - 0x00007ff866beb000 	C:\WINDOWS\SYSTEM32\windows.storage.dll
0x00007ff86b530000 - 0x00007ff86b629000 	C:\WINDOWS\System32\SHCORE.dll
0x00007ff8694d0000 - 0x00007ff869536000 	C:\WINDOWS\System32\shlwapi.dll
0x00007ff8687f0000 - 0x00007ff868819000 	C:\WINDOWS\SYSTEM32\profapi.dll
0x00007ff8552f0000 - 0x00007ff855300000 	D:\College\Semester 3\P3B\Android Studio\jbr\bin\net.dll
0x00007ff867b70000 - 0x00007ff867bdc000 	C:\WINDOWS\system32\mswsock.dll
0x00007ff84ca10000 - 0x00007ff84ca26000 	D:\College\Semester 3\P3B\Android Studio\jbr\bin\nio.dll
0x00007ff84d840000 - 0x00007ff84d850000 	D:\College\Semester 3\P3B\Android Studio\jbr\bin\verify.dll
0x00007ff84aa90000 - 0x00007ff84aab7000 	C:\Users\Mega Global\.gradle\native\660c5614fbf4a5f2a75b1949f50a0caf5cd603558e7d8a26e50b933a0cfb79d1\windows-amd64\native-platform.dll
0x00007ff829330000 - 0x00007ff8293a7000 	C:\Users\Mega Global\.gradle\native\0.2.8\x86_64-windows-gnu\gradle-fileevents.dll
0x00007ff854e80000 - 0x00007ff854e89000 	D:\College\Semester 3\P3B\Android Studio\jbr\bin\management.dll
0x00007ff854e50000 - 0x00007ff854e5b000 	D:\College\Semester 3\P3B\Android Studio\jbr\bin\management_ext.dll
0x00007ff86b630000 - 0x00007ff86b638000 	C:\WINDOWS\System32\PSAPI.DLL
0x00007ff8670a0000 - 0x00007ff8670d3000 	C:\WINDOWS\SYSTEM32\IPHLPAPI.DLL
0x00007ff86b370000 - 0x00007ff86b37a000 	C:\WINDOWS\System32\NSI.dll
0x00007ff855180000 - 0x00007ff855189000 	D:\College\Semester 3\P3B\Android Studio\jbr\bin\extnet.dll
0x00007ff867e60000 - 0x00007ff867e7b000 	C:\WINDOWS\SYSTEM32\CRYPTSP.dll
0x00007ff867520000 - 0x00007ff867559000 	C:\WINDOWS\system32\rsaenh.dll
0x00007ff867c20000 - 0x00007ff867c52000 	C:\WINDOWS\SYSTEM32\USERENV.dll
0x00007ff8687c0000 - 0x00007ff8687ea000 	C:\WINDOWS\SYSTEM32\bcrypt.dll
0x00007ff867e80000 - 0x00007ff867e8c000 	C:\WINDOWS\SYSTEM32\CRYPTBASE.dll
0x00007ff82e640000 - 0x00007ff82e648000 	C:\WINDOWS\system32\wshunix.dll
0x00007ff8676f0000 - 0x00007ff867726000 	C:\WINDOWS\SYSTEM32\ntmarta.dll

JVMTI agents:
C:\Users\Mega Global\.gradle\wrapper\dists\gradle-9.5.0-bin\bvnork1r7n8i6kp5cnkibsc9q\gradle-9.5.0\lib\agents\gradle-instrumentation-agent-9.5.0.jar path:D:\College\Semester 3\P3B\Android Studio\jbr\bin\instrument.dll, loaded, initialized, instrumentlib options:none

dbghelp: loaded successfully - version: 4.0.5 - missing functions: none
symbol engine: initialized successfully - sym options: 0x614 - pdb path: .;D:\College\Semester 3\P3B\Android Studio\jbr\bin;C:\WINDOWS\SYSTEM32;C:\WINDOWS\WinSxS\amd64_microsoft.windows.common-controls_6595b64144ccf1df_6.0.26100.8972_none_3e0da176e32f9d4b;D:\College\Semester 3\P3B\Android Studio\jbr\bin\server;C:\Users\Mega Global\.gradle\native\660c5614fbf4a5f2a75b1949f50a0caf5cd603558e7d8a26e50b933a0cfb79d1\windows-amd64;C:\Users\Mega Global\.gradle\native\0.2.8\x86_64-windows-gnu

VM Arguments:
jvm_args: --add-opens=java.base/java.lang=ALL-UNNAMED --add-opens=java.base/java.lang.invoke=ALL-UNNAMED --add-opens=java.base/java.util=ALL-UNNAMED --add-opens=java.prefs/java.util.prefs=ALL-UNNAMED --add-exports=jdk.compiler/com.sun.tools.javac.api=ALL-UNNAMED --add-exports=jdk.compiler/com.sun.tools.javac.util=ALL-UNNAMED --add-opens=java.base/java.nio.charset=ALL-UNNAMED --add-opens=java.base/java.net=ALL-UNNAMED --add-opens=java.base/java.util.concurrent=ALL-UNNAMED --add-opens=java.base/java.util.concurrent.atomic=ALL-UNNAMED --add-opens=java.xml/javax.xml.namespace=ALL-UNNAMED --add-opens=java.base/java.time=ALL-UNNAMED --enable-native-access=ALL-UNNAMED -Xmx2048m -Dfile.encoding=UTF-8 -Duser.country=ID -Duser.language=en -Duser.variant -javaagent:C:\Users\Mega Global\.gradle\wrapper\dists\gradle-9.5.0-bin\bvnork1r7n8i6kp5cnkibsc9q\gradle-9.5.0\lib\agents\gradle-instrumentation-agent-9.5.0.jar 
java_command: org.gradle.launcher.daemon.bootstrap.GradleDaemon 9.5.0
java_class_path (initial): C:\Users\Mega Global\.gradle\wrapper\dists\gradle-9.5.0-bin\bvnork1r7n8i6kp5cnkibsc9q\gradle-9.5.0\lib\gradle-daemon-main-9.5.0.jar
Launcher Type: SUN_STANDARD

[Global flags]
     intx CICompilerCount                          = 4                                         {product} {ergonomic}
     uint ConcGCThreads                            = 2                                         {product} {ergonomic}
     uint G1ConcRefinementThreads                  = 8                                         {product} {ergonomic}
   size_t G1HeapRegionSize                         = 1048576                                   {product} {ergonomic}
   size_t InitialHeapSize                          = 264241152                                 {product} {ergonomic}
   size_t MarkStackSize                            = 4194304                                   {product} {ergonomic}
   size_t MarkStackSizeMax                         = 536870912                                 {product} {ergonomic}
   size_t MaxHeapSize                              = 2147483648                                {product} {command line}
   size_t MaxNewSize                               = 1287651328                                {product} {ergonomic}
   size_t MinHeapDeltaBytes                        = 1048576                                   {product} {ergonomic}
   size_t MinHeapSize                              = 8388608                                   {product} {ergonomic}
    uintx NonNMethodCodeHeapSize                   = 5832704                                {pd product} {ergonomic}
    uintx NonProfiledCodeHeapSize                  = 122945536                              {pd product} {ergonomic}
    uintx ProfiledCodeHeapSize                     = 122880000                              {pd product} {ergonomic}
    uintx ReservedCodeCacheSize                    = 251658240                              {pd product} {ergonomic}
     bool SegmentedCodeCache                       = true                                      {product} {ergonomic}
   size_t SoftMaxHeapSize                          = 2147483648                             {manageable} {ergonomic}
     bool UseCompressedOops                        = true                           {product lp64_product} {ergonomic}
     bool UseG1GC                                  = true                                      {product} {ergonomic}
     bool UseLargePagesIndividualAllocation        = false                                  {pd product} {ergonomic}

Logging:
Log output configuration:
 #0: stdout all=warning uptime,level,tags foldmultilines=false
 #1: stderr all=off uptime,level,tags foldmultilines=false

Release file:
JAVA_VERSION="25.0.2" 
MODULES="java.base java.compiler java.datatransfer java.xml java.prefs java.desktop java.instrument java.logging java.management java.security.sasl java.naming java.rmi java.management.rmi java.net.http java.scripting java.security.jgss java.transaction.xa java.sql java.sql.rowset java.xml.crypto java.se java.smartcardio jdk.accessibility jdk.internal.jvmstat jdk.attach jdk.charsets jdk.internal.opt jdk.zipfs jdk.compiler jdk.crypto.cryptoki jdk.crypto.ec jdk.dynalink jdk.hotspot.agent jdk.httpserver jdk.internal.ed jdk.internal.le jdk.internal.md jdk.internal.vm.ci jdk.jartool jdk.javadoc jdk.jcmd jdk.jdeps jdk.jdwp.agent jdk.jdi jdk.jfr jdk.jlink jdk.localedata jdk.management jdk.management.agent jdk.management.jfr jdk.naming.dns jdk.naming.rmi jdk.net jdk.sctp jdk.security.auth jdk.security.jgss jdk.unsupported jdk.unsupported.desktop jdk.xml.dom" 
IMPLEMENTOR="JetBrains s.r.o." 
JAVA_RUNTIME_VERSION="25.0.2+-15348964-b329.117" 
LIBC="default" 
OS_ARCH="x86_64" 
OS_NAME="Windows" 
SOURCE=".:git:3cf398e84a39" 

Environment Variables:
PATH=C:\Program Files\Common Files\Oracle\Java\javapath;C:\WINDOWS\system32;C:\WINDOWS;C:\WINDOWS\System32\Wbem;C:\WINDOWS\System32\WindowsPowerShell\v1.0\;C:\WINDOWS\System32\OpenSSH\;C:\Program Files\Intel\WiFi\bin\;C:\Program Files\Common Files\Intel\WirelessCommon\;C:\Program Files\Java\jdk-21\bin;C:\Program Files\Java\latest\jdk-21\JavaApl\bin;C:\Program Files\Git\cmd;C:\xampp\php;C:\ProgramData\ComposerSetup\bin;C:\Users\Mega Global\AppData\Local\Programs\Python\Python313\Scripts\;C:\Users\Mega Global\AppData\Local\Programs\Python\Python313\;C:\Users\Mega Global\AppData\Local\Microsoft\WindowsApps;C:\Users\Mega Global\AppData\Local\Programs\Microsoft VS Code\bin;C:\Program Files\JetBrains\IntelliJ IDEA 2025.3.3\bin;C:\Program Files\Graphviz\bin;C:\Users\Mega Global\AppData\Roaming\Composer\vendor\bin
USERNAME=Nanaa
OS=Windows_NT
PROCESSOR_IDENTIFIER=Intel64 Family 6 Model 140 Stepping 1, GenuineIntel
TMP=C:\Users\MEGAGL~1\AppData\Local\Temp
TEMP=C:\Users\MEGAGL~1\AppData\Local\Temp




Compilation memory statistics disabled.

Periodic native trim disabled

JNI global refs:
JNI global refs: 25, weak refs: 12

JNI global refs memory usage: 835, weak refs: 833

Process memory usage:
Resident Set Size: 754952K (4% of 16473144K total physical memory with 1805248K free physical memory)

OOME stack traces (most recent first):
Classloader memory used:
Loader org.gradle.internal.classloader.VisitableURLClassLoader                         : 113 M
Loader org.gradle.internal.classloader.VisitableURLClassLoader$InstrumentingVisitableURLClassLoader: 48681 K
Loader bootstrap                                                                       : 29333 K
Loader org.gradle.initialization.MixInLegacyTypesClassLoader                           : 17134 K
Loader org.gradle.internal.classloader.VisitableURLClassLoader                         : 8494 K
Loader jdk.internal.jrtfs.JrtFileSystemProvider$JrtFsLoader                            : 328 K
Loader jdk.internal.loader.ClassLoaders$PlatformClassLoader                            : 216 K
Loader org.gradle.groovy.scripts.internal.DefaultScriptCompilationHandler$ScriptClassLoader: 198 K
Loader jdk.internal.loader.ClassLoaders$AppClassLoader                                 : 188 K

